instrument,instrument_name
SH000001,上证综合指数
SH000002,上证A股指数
SH000003,上证B股指数
SH000004,上证工业类指数
SH000005,上证商业类指数
SH000006,上证房地产指数
SH000007,上证公用事业指数
SH000008,上证综合业类指数
SH000009,上证380
SH000010,上证180指数
SH000011,上证基金指数
SH000012,上证国债指数
SH000013,上证企业债指数
SH000015,上证红利指数
SH000016,上证50指数
SH000017,新上证综指
SH000018,上证180金融股指数
SH000019,上证公司治理指数
SH000020,上证中型企业综合指数
SH000021,上证180公司治理指数
SH000022,沪公司债
SH000025,上证180基建指数
SH000026,上证180资源指数
SH000027,上证180交通运输指数
SH000028,上证180成长指数
SH000029,上证180价值指数
SH000030,上证180相对成长指数
SH000031,上证180相对价值指数
SH000032,上证能源行业指数
SH000033,上证原材料行业指数
SH000034,上证工业行业指数
SH000035,上证可选消费行业指数
SH000036,上证主要消费行业指数
SH000037,上证医药卫生行业指数
SH000038,上证金融地产行业指数
SH000039,上证信息技术行业指数
SH000040,上证电信业务行业指数
SH000041,上证公用事业行业指数
SH000042,上证中央企业50指数
SH000043,上证超级大盘指数
SH000044,上证中盘
SH000045,上证小盘
SH000046,上证中小
SH000047,上证全指
SH000048,责任指数
SH000049,上证民企
SH000050,50等权
SH000051,180等权
SH000052,50基本
SH000053,180基本
SH000054,上证海外
SH000056,上证国企
SH000057,全指成长
SH000058,全指价值
SH000059,全R成长
SH000060,全R价值
SH000061,沪企债30
SH000062,上证沪企
SH000063,上证周期
SH000064,非周期
SH000065,上证龙头
SH000066,上证商品
SH000067,上证新兴
SH000068,上证资源
SH000069,消费80
SH000070,能源等权
SH000071,材料等权
SH000072,工业等权
SH000073,可选等权
SH000074,消费等权
SH000075,医药等权
SH000076,金融等权
SH000077,信息等权
SH000078,电信等权
SH000079,公用等权
SH000090,上证流通
SH000091,沪财中小
SH000092,资源50
SH000093,180分层
SH000094,上证上游
SH000095,上证中游
SH000096,上证下游
SH000097,高端装备
SH000098,上证F200
SH000099,上证F300
SH000100,上证F500
SH000101,上证5年期信用债指数
SH000102,沪投资品
SH000103,沪消费品
SH000104,380能源
SH000105,380材料
SH000106,380工业
SH000107,380可选
SH000108,380消费
SH000109,380医药
SH000110,380金融
SH000111,380信息
SH000112,380电信
SH000113,380公用
SH000114,持续产业
SH000115,380等权
SH000116,上证信用债100指数
SH000117,380成长
SH000118,380价值
SH000119,380R成长
SH000120,380R价值
SH000121,医药主题
SH000122,上证农业主题指数
SH000123,上证180动态指数
SH000125,上证180稳定指数
SH000126,消费50
SH000128,380基本
SH000129,180波动
SH000130,380波动
SH000131,上证高新
SH000132,上证100
SH000133,上证150
SH000134,上证银行股指数
SH000135,上证180高贝塔指数
SH000136,上证180低贝塔指数
SH000137,上证380高贝塔指数
SH000138,上证380低贝塔指数
SH000139,上证可转换债券指数
SH000141,上证380动态指数
SH000142,上证380稳定指数
SH000145,上证优势资源产业指数
SH000146,上证优势制造产业指数
SH000147,上证优势消费产业指数
SH000148,上证消费服务领先指数
SH000149,上证180红利指数
SH000150,上证380红利指数
SH000151,上证国有企业红利指数
SH000152,上证中央企业红利指数
SH000153,上证民营企业红利指数
SH000155,上证市值百强指数
SH000158,上证环保产业指数
SH000159,上证沪股通指数
SH000160,上证一带一路主题指数
SH000161,上证中国制造主题指数
SH000162,上证互联网+主题指数
SH000300,沪深300指数
SH000802,500沪市
SH000805,A股资源
SH000806,消费服务
SH000807,食品饮料
SH000808,医药生物
SH000814,细分医药
SH000816,细分地产
SH000817,中证兴证海西主题指数
SH000819,有色金属
SH000821,沪深300红利指数
SH000823,中证800有色
SH000827,中证环保产业指数
SH000828,沪深300高贝塔指数
SH000832,中证可转换债券指数
SH000833,中证1-7年中高收益企债指数
SH000841,中证800制药与生物科技指数
SH000842,中证800等权重指数
SH000846,中证财通中国可持续发展100(ECPIESG)指数
SH000847,中证腾讯济安价值100A股指数
SH000849,沪深300非银行金融指数
SH000850,沪深300有色金属指数
SH000851,百发100指数
SH000852,中证1000指数
SH000853,中证申万一带一路主题投资指数
SH000854,中证500原材料指数
SH000855,央视财经500指数
SH000856,中证500工业指数
SH000857,中证500医药卫生指数
SH000858,中证500信息技术指数
SH000901,中证南方小康产业指数
SH000903,中证A100指数
SH000904,中证200指数
SH000905,中证500指数
SH000906,中证800指数
SH000908,沪深300能源指数
SH000909,沪深300原材料指数
SH000910,沪深300工业指数
SH000911,沪深300可选消费指数
SH000912,沪深300主要消费指数
SH000913,沪深300医药卫生指数
SH000914,沪深300金融地产指数
SH000917,沪深300公用事业指数
SH000918,沪深300成长指数
SH000919,沪深300价值指数
SH000922,中证红利指数
SH000925,中证锐联基本面50指数
SH000928,中证能源指数
SH000931,中证可选消费指数
SH000932,中证主要消费指数
SH000933,中证医药卫生指数
SH000934,中证金融地产指数
SH000935,中证信息技术指数
SH000939,中证民企成长指数
SH000940,中证财富大盘指数
SH000944,中证内地资源主题指数
SH000950,沪深300基建主题指数
SH000951,沪深300银行指数
SH000952,沪深300房地产指数
SH000957,沪深300运输指数
SH000958,中证创业成长指数
SH000959,银河99
SH000961,中证上游资源产业指数
SH000963,中证下游消费与服务产业指数
SH000964,中证新兴产业指数
SH000966,中证锐联基本面400指数
SH000969,沪深300非周期行业指数
SH000971,等权90
SH000973,技术领先
SH000974,中证800金融指数
SH000975,中证钱江30指数
SH000976,新华金牛50指数
SH000977,中证内地低碳经济主题指数
SH000978,中证医药100指数
SH000979,中证大宗商品股票指数
SH000982,中证500等权重指数
SH000983,智能资产
SH000984,沪深300等权重指数
SH000986,中证全指能源指数
SH000987,中证全指原材料指数
SH000989,中证全指可选消费指数
SH000990,中证全指主要消费指数
SH000991,中证全指医药卫生指数
SH000992,中证全指金融地产指数
SH000993,中证全指信息技术指数
SH000996,领先行业
SH000997,大消费
SH000998,中证TMT产业主题指数
SH000999,两岸三地
SH100001,南化转债
SH100009,机场转债
SH100016,民生转债
SH100087,水运转债
SH100096,云化转债
SH100117,西钢转债
SH100177,雅戈转债
SH100196,复星转债
SH100220,阳光转债
SH100236,桂冠转债
SH100567,山鹰转债
SH100726,华电转债
SH100795,国电转债
SH110001,邯钢转债
SH110002,南山转债
SH110003,新钢转债
SH110004,厦工转债
SH110005,西洋转债
SH110006,龙盛转债
SH110007,博汇转债
SH110008,王府转债
SH110009,双良转债
SH110010,包钢转债
SH110011,歌华转债
SH110012,海运转债
SH110013,国投转债
SH110015,石化转债
SH110016,川投转债
SH110017,中海转债
SH110018,国电转债
SH110019,恒丰转债
SH110020,南山转债
SH110021,上电转债
SH110022,同仁转债
SH110023,民生转债
SH110024,隧道转债
SH110025,国金转债
SH110026,中海转债
SH110027,东方转债
SH110028,冠城转债
SH110029,浙能转债
SH110030,格力转债
SH110031,航信转债
SH110032,三一转债
SH110033,国贸转债
SH110034,九州转债
SH110035,白云转债
SH110036,招行转债
SH110037,歌华转债
SH110038,济川转债
SH110039,宝信转债
SH110040,生益转债
SH110041,蒙电转债
SH110042,航电转债
SH110043,无锡转债
SH110044,广电转债
SH110045,海澜转债
SH110046,圆通转债
SH110047,山鹰转债
SH110048,福能转债
SH110049,海尔转债
SH110050,佳都转债
SH110051,中天转债
SH110052,贵广转债
SH110053,苏银转债
SH110054,通威转债
SH110055,伊力转债
SH110056,亨通转债
SH110057,现代转债
SH110058,永鼎转债
SH110059,浦发转债
SH110060,天路转债
SH110061,川投转债
SH110062,烽火转债
SH110063,鹰19转债
SH110064,建工转债
SH110065,淮矿转债
SH110066,盛屯转债
SH110067,华安转债
SH110068,龙净转债
SH110069,瀚蓝转债
SH110070,凌钢转债
SH110071,湖盐转债
SH110072,广汇转债
SH110073,国投转债
SH110074,精达转债
SH110075,南航转债
SH110076,华海转债
SH110077,洪城转债
SH110078,澄星转债
SH110079,杭银转债
SH110080,东湖转债
SH110081,闻泰转债
SH110082,宏发转债
SH110083,苏租转债
SH110084,贵燃转债
SH110085,通22转债
SH110086,精工转债
SH110087,天业转债
SH110088,淮22转债
SH110089,兴发转债
SH110090,爱迪转债
SH110091,合力转债
SH110092,三房转债
SH110093,神马转债
SH110094,众和转债
SH110095,双良转债
SH110096,豫光转债
SH110097,天润转债
SH110098,南药转债
SH110099,福能转债
SH110100,龙建转债
SH110219,南山转债
SH110227,赤化转债
SH110232,金鹰转债
SH110317,营港转债
SH110325,华发转债
SH110368,五洲转债
SH110398,凯诺转债
SH110418,江淮转债
SH110423,柳化转债
SH110488,天药转债
SH110567,山鹰转债
SH110598,大荒转债
SH110800,赛腾定转
SH110801,继峰定01
SH110802,继峰定02
SH110803,国泰定01
SH110804,国泰定02
SH110806,中闽定02
SH110807,动力定01
SH110808,动力定02
SH110810,天业定02
SH110812,神马定02
SH110813,海正定转
SH110814,华电定转
SH110815,九丰定01
SH110816,九丰定02
SH110817,保利定转
SH110818,华发定转
SH110874,创业转债
SH110971,恒源转债
SH111000,起帆转债
SH111001,山玻转债
SH111002,特纸转债
SH111003,聚合转债
SH111004,明新转债
SH111005,富春转债
SH111006,嵘泰转债
SH111007,永和转债
SH111008,沿浦转债
SH111009,盛泰转债
SH111010,立昂转债
SH111011,冠盛转债
SH111012,福新转债
SH111013,新港转债
SH111014,李子转债
SH111015,东亚转债
SH111016,神通转债
SH111017,蓝天转债
SH111018,华康转债
SH111019,宏柏转债
SH111020,合顺转债
SH111021,奥锐转债
SH111022,锡振转债
SH111023,利柏转债
SH111024,澳弘转债
SH113001,中行转债
SH113002,工行转债
SH113003,重工转债
SH113005,平安转债
SH113006,深燃转债
SH113007,吉视转债
SH113008,电气转债
SH113009,广汽转债
SH113010,江南转债
SH113011,光大转债
SH113012,骆驼转债
SH113013,国君转债
SH113014,林洋转债
SH113015,隆基转债
SH113016,小康转债
SH113017,吉视转债
SH113018,常熟转债
SH113019,玲珑转债
SH113020,桐昆转债
SH113021,中信转债
SH113022,浙商转债
SH113024,核建转债
SH113025,明泰转债
SH113026,核能转债
SH113027,华钰转债
SH113028,环境转债
SH113029,明阳转债
SH113030,东风转债
SH113031,博威转债
SH113032,桐20转债
SH113033,利群转债
SH113034,滨化转债
SH113035,福莱转债
SH113036,宁建转债
SH113037,紫银转债
SH113038,隆20转债
SH113039,嘉泽转债
SH113040,星宇转债
SH113041,紫金转债
SH113042,上银转债
SH113043,财通转债
SH113044,大秦转债
SH113045,环旭转债
SH113046,金田转债
SH113047,旗滨转债
SH113048,晶科转债
SH113049,长汽转债
SH113050,南银转债
SH113051,节能转债
SH113052,兴业转债
SH113053,隆22转债
SH113054,绿动转债
SH113055,成银转债
SH113056,重银转债
SH113057,中银转债
SH113058,友发转债
SH113059,福莱转债
SH113060,浙22转债
SH113061,拓普转债
SH113062,常银转债
SH113063,赛轮转债
SH113064,东材转债
SH113065,齐鲁转债
SH113066,平煤转债
SH113067,燃23转债
SH113068,金铜转债
SH113069,博23转债
SH113070,渝水转债
SH113501,洛钼转债
SH113502,嘉澳转债
SH113503,泰晶转债
SH113504,艾华转债
SH113505,杭电转债
SH113506,鼎信转债
SH113507,天马转债
SH113508,新凤转债
SH113509,新泉转债
SH113510,再升转债
SH113511,千禾转债
SH113512,景旺转债
SH113513,安井转债
SH113514,威帝转债
SH113515,高能转债
SH113516,苏农转债
SH113517,曙光转债
SH113518,顾家转债
SH113519,长久转债
SH113520,百合转债
SH113521,科森转债
SH113522,旭升转债
SH113523,伟明转债
SH113524,奇精转债
SH113525,台华转债
SH113526,联泰转债
SH113527,维格转债
SH113528,长城转债
SH113529,绝味转债
SH113530,大丰转债
SH113531,百姓转债
SH113532,海环转债
SH113533,参林转债
SH113534,鼎胜转债
SH113535,大业转债
SH113536,三星转债
SH113537,文灿转债
SH113538,安图转债
SH113539,圣达转债
SH113540,南威转债
SH113541,荣晟转债
SH113542,好客转债
SH113543,欧派转债
SH113544,桃李转债
SH113545,金能转债
SH113546,迪贝转债
SH113547,索发转债
SH113548,石英转债
SH113549,白电转债
SH113550,常汽转债
SH113551,福特转债
SH113552,克来转债
SH113553,金牌转债
SH113554,仙鹤转债
SH113555,振德转债
SH113556,至纯转债
SH113557,森特转债
SH113558,日月转债
SH113559,永创转债
SH113561,正裕转债
SH113562,璞泰转债
SH113563,柳药转债
SH113564,天目转债
SH113565,宏辉转债
SH113566,翔港转债
SH113567,君禾转债
SH113568,新春转债
SH113569,科达转债
SH113570,百达转债
SH113571,博特转债
SH113572,三祥转债
SH113573,纵横转债
SH113574,华体转债
SH113575,东时转债
SH113576,起步转债
SH113577,春秋转债
SH113578,全筑转债
SH113579,健友转债
SH113580,康隆转债
SH113581,龙蟠转债
SH113582,火炬转债
SH113583,益丰转债
SH113584,家悦转债
SH113585,寿仙转债
SH113586,上机转债
SH113587,泛微转债
SH113588,润达转债
SH113589,天创转债
SH113590,海容转债
SH113591,胜达转债
SH113592,安20转债
SH113593,沪工转债
SH113594,淳中转债
SH113595,花王转债
SH113596,城地转债
SH113597,佳力转债
SH113598,法兰转债
SH113599,嘉友转债
SH113600,新星转债
SH113601,塞力转债
SH113602,景20转债
SH113603,东缆转债
SH113604,多伦转债
SH113605,大参转债
SH113606,荣泰转债
SH113607,伟20转债
SH113608,威派转债
SH113609,永安转债
SH113610,灵康转债
SH113611,福20转债
SH113612,永冠转债
SH113614,健20转债
SH113615,金诚转债
SH113616,韦尔转债
SH113618,美诺转债
SH113619,世运转债
SH113620,傲农转债
SH113621,彤程转债
SH113622,杭叉转债
SH113623,凤21转债
SH113624,正川转债
SH113625,江山转债
SH113626,伯特转债
SH113627,太平转债
SH113628,晨丰转债
SH113629,泉峰转债
SH113630,赛伍转债
SH113631,皖天转债
SH113632,鹤21转债
SH113633,科沃转债
SH113634,珀莱转债
SH113635,升21转债
SH113636,甬金转债
SH113637,华翔转债
SH113638,台21转债
SH113639,华正转债
SH113640,苏利转债
SH113641,华友转债
SH113642,上22转债
SH113643,风语转债
SH113644,艾迪转债
SH113646,永吉转债
SH113647,禾丰转债
SH113648,巨星转债
SH113649,丰山转债
SH113650,博22转债
SH113651,松霖转债
SH113652,伟22转债
SH113653,永22转债
SH113654,永02转债
SH113655,欧22转债
SH113656,嘉诚转债
SH113657,再22转债
SH113658,密卫转债
SH113659,莱克转债
SH113660,寿22转债
SH113661,福22转债
SH113662,豪能转债
SH113663,新化转债
SH113664,大元转债
SH113665,汇通转债
SH113666,爱玛转债
SH113667,春23转债
SH113668,鹿山转债
SH113669,景23转债
SH113670,金23转债
SH113671,武进转债
SH113672,福蓉转债
SH113673,岱美转债
SH113674,华设转债
SH113675,新23转债
SH113676,荣23转债
SH113677,华懋转债
SH113678,中贝转债
SH113679,芯能转债
SH113680,丽岛转债
SH113681,镇洋转债
SH113682,益丰转债
SH113683,伟24转债
SH113684,湘泵转债
SH113685,升24转债
SH113686,泰瑞转债
SH113687,振华转债
SH113688,国检转债
SH113689,洛凯转债
SH113690,豪24转债
SH113691,和邦转债
SH113692,保隆转债
SH113693,志邦转债
SH113694,清源转债
SH113695,华辰转债
SH113696,伯25转债
SH113697,应流转债
SH113698,凯众转债
SH113699,金25转债
SH113700,海天转债
SH113701,祥和转债
SH113702,斯达转债
SH118000,嘉元转债
SH118001,金博转债
SH118002,天合转债
SH118003,华兴转债
SH118004,博瑞转债
SH118005,天奈转债
SH118006,阿拉转债
SH118007,山石转债
SH118008,海优转债
SH118009,华锐转债
SH118010,洁特转债
SH118011,银微转债
SH118012,微芯转债
SH118013,道通转债
SH118014,高测转债
SH118015,芯海转债
SH118016,京源转债
SH118017,深科转债
SH118018,瑞科转债
SH118019,金盘转债
SH118020,芳源转债
SH118021,新致转债
SH118022,锂科转债
SH118023,广大转债
SH118024,冠宇转债
SH118025,奕瑞转债
SH118026,利元转债
SH118027,宏图转债
SH118028,会通转债
SH118029,富淼转债
SH118030,睿创转债
SH118031,天23转债
SH118032,建龙转债
SH118033,华特转债
SH118034,晶能转债
SH118035,国力转债
SH118036,力合转债
SH118037,上声转债
SH118038,金宏转债
SH118039,煜邦转债
SH118040,宏微转债
SH118041,星球转债
SH118042,奥维转债
SH118043,福立转债
SH118044,赛特转债
SH118045,盟升转债
SH118046,诺泰转债
SH118048,利扬转债
SH118049,汇成转债
SH118050,航宇转债
SH118051,皓元转债
SH118052,浩瀚转债
SH118053,正帆转债
SH118054,安集转债
SH118055,伟测转债
SH118056,路维转债
SH118057,甬矽转债
SH118058,微导转债
SH118059,颀中转债
SH118060,瑞可转债
SH118061,茂莱转债
SH118062,天准转债
SH118063,金05转债
SH118064,联瑞转债
SH118065,艾为转债
SH118066,统联转债
SH118067,上26转债
SH126001,06马钢债
SH126002,06中化债
SH126003,07云化债
SH126005,07武钢债
SH126006,07深高债
SH126007,07日照债
SH126008,08上汽债
SH126009,08赣粤债
SH126010,08中远债
SH126011,08石化债
SH126012,08上港债
SH126013,08青啤债
SH126014,08国电债
SH126015,08康美债
SH126016,08宝钢债
SH126017,08葛洲债
SH126018,08江铜债
SH126019,09长虹债
SH145900,17旭杰转
SH145901,17伏泰转
SH145904,25钢研K1
SH145905,智转债K1
SH145951,18君实转
SH510010,交银上证180公司治理ETF
SH510020,博时上证超大盘ETF
SH510030,上证180价值ETF
SH510040,鹏华上证180ETF
SH510050,华夏上证50ETF
SH510060,工银上证央企ETF
SH510090,建信上证社会责任ETF
SH510100,易方达上证50ETF
SH510130,易方达上证中盘ETF
SH510150,招商上证消费80ETF
SH510160,中证南方小康产业指数ETF
SH510170,国联安上证商品ETF
SH510180,华安上证180ETF
SH510190,华安上证50ETF
SH510200,汇安上证证券ETF
SH510210,上证综指ETF
SH510230,国泰上证180金融ETF
SH510270,中银上证国企100ETF
SH510290,南方上证380ETF
SH510300,华泰柏瑞沪深300ETF
SH510310,易方达沪深300ETF
SH510320,中金沪深300ETF
SH510330,华夏沪深300ETF
SH510350,工银沪深300ETF
SH510360,广发沪深300ETF
SH510370,兴业沪深300ETF
SH510380,国寿安保沪深300ETF
SH510390,平安沪深300ETF
SH510410,博时上证自然资源ETF
SH510500,南方中证500ETF
SH510510,广发中证500ETF
SH510530,工银中证500ETF
SH510550,方正富邦中证500ETF
SH510560,国寿安保中证500ETF
SH510570,兴业中证500ETF
SH510580,易方达中证500ETF
SH510590,平安中证500ETF
SH510600,申万菱信上证50ETF
SH510630,华夏消费ETF
SH510650,上证金融地产发起式ETF
SH510660,华夏医药ETF
SH510670,华夏上证180ETF
SH510680,万家上证50ETF
SH510710,博时上证50ETF
SH510720,国泰上证国有企业红利ETF
SH510760,国泰上证综合交易ETF
SH510770,申万菱信上证G60创新ETF
SH510800,建信上证50ETF
SH510810,汇添富中证上海国企ETF
SH510850,工银瑞信上证50ETF
SH510880,华泰柏瑞上证红利ETF
SH510900,易方达恒生国企(QDII-ETF)
SH510950,广发上证50ETF
SH510980,汇添富上证综合ETF
SH510990,工银瑞信中证180ESGETF
SH511010,国泰上证5年期国债ETF
SH511020,平安5-10年期国债活跃券ETF
SH511030,平安中高等级公司债利差因子ETF
SH511060,海富通上证5年期地方政府债ETF
SH511070,南方上证基准做市公司债ETF
SH511090,鹏扬中债-30年期国债ETF
SH511100,华夏上证基准做市国债ETF
SH511110,易方达上证基准做市公司债ETF
SH511120,广发上证AAA科技创新公司债ETF
SH511130,博时上证30年期国债ETF
SH511150,永赢上证AAA科技创新公司债ETF
SH511160,国债ETF东财
SH511180,海富通上证投资级可转债ETF
SH511190,海富通上证基准做市公司债ETF
SH511200,华夏上证基准做市公司债ETF
SH511220,海富通上证城投债ETF
SH511260,国泰上证10年期国债ETF
SH511270,海富通上证10年期地方政府债ETF
SH511360,海富通中证短融ETF
SH511380,博时可转债ETF
SH511520,富国中债7-10年政策性金融债ETF
SH511580,招商中证国债及政策性金融债0-3年ETF
SH511600,华安日日鑫货币H
SH511620,国泰瞬利货币A
SH511650,华夏快线货币ETFE
SH511660,建信现金添益货币H
SH511670,华泰紫金天天金货币ETFA
SH511690,大成添益交易型货币E
SH511700,平安日鑫E
SH511770,金鹰增益货币E
SH511800,易方达货币E
SH511810,南方理财金交易型货币H
SH511820,鹏华添利交易型货币B
SH511830,华泰柏瑞交易货币A
SH511850,招商财富宝交易型货币E
SH511860,博时保证金货币ETFA
SH511880,银华日利A
SH511900,富国收益宝交易型货币H
SH511910,融通易支付货币E
SH511920,广发货币E
SH511930,国联日盈A
SH511950,广发添利货币A
SH511960,嘉实快线货币H
SH511970,国寿安保货币E
SH511980,汇添富添富通货币E
SH511990,华宝添益A
SH512000,华宝中证全指证券公司ETF
SH512010,易方达沪深300医药ETF
SH512020,鹏华中证A500ETF
SH512030,易方达中证A50增强策略ETF
SH512040,富国中证价值ETF
SH512050,华夏中证A500ETF
SH512060,天弘中证A100ETF
SH512070,易方达沪深300非银ETF
SH512080,中金中证A500ETF
SH512090,易方达MSCI中国A股国际通ETF
SH512100,南方中证1000ETF
SH512120,华安中证细分医药ETF
SH512130,鹏华中证全指自由现金流ETF
SH512140,华安中证全指电力公用事业ETF
SH512150,富时中国A50ETF
SH512160,南方MSCI中国A股国际通ETF
SH512170,华宝中证医疗ETF
SH512180,建信MSCI中国A股国际通ETF
SH512190,浙商汇金中证浙江凤凰行动50ETF
SH512200,南方中证房地产ETF
SH512220,景顺长城中证科技传媒通信150ETF
SH512240,鹏华中证A50ETF
SH512250,招商中证A50ETF
SH512260,华安中证500低波ETF
SH512290,国泰中证生物医药ETF
SH512330,南方中证500信息技术ETF
SH512360,平安MSCI中国A股国际ETF
SH512370,华夏中证A500增强策略ETF
SH512380,银华MSCI中国A股ETF
SH512390,平安MSCI中国A股低波动ETF
SH512400,南方中证申万有色金属ETF
SH512430,华泰柏瑞中证家居家电ETF
SH512450,广发中证畜牧养殖产业ETF
SH512460,华夏中证电池主题ETF
SH512480,国联安半导体ETF
SH512500,华夏中证500ETF
SH512510,华泰柏瑞中证500ETF
SH512520,华泰柏瑞MSCI中国A股国际通ETF
SH512530,建信沪深300红利ETF
SH512550,嘉实富时中国A50ETF
SH512560,易方达中证军工ETF
SH512570,易方达中证全指证券公司ETF
SH512580,广发中证环保ETF
SH512600,嘉实中证主要消费ETF
SH512620,天弘中证农业主题ETF
SH512630,广发中证卫星产业ETF
SH512640,嘉实中证金融地产ETF
SH512650,添富中证长三角ETF
SH512660,国泰中证军工ETF
SH512670,鹏华中证国防ETF
SH512680,广发中证军工ETF
SH512690,鹏华中证酒ETF
SH512700,南方中证银行ETF
SH512710,富国中证军工龙头ETF
SH512720,国泰中证计算机主题ETF
SH512730,鹏华中证银行ETF
SH512750,嘉实中证锐联基本面50ETF
SH512760,国泰CES芯片ETF
SH512770,华夏战略新兴成指ETF
SH512800,华宝中证银行ETF
SH512810,华宝中证军工ETF
SH512820,汇添富中证银行ETF
SH512870,南华中证杭州湾区ETF
SH512880,国泰中证全指证券公司ETF
SH512890,华泰柏瑞中证红利低波动ETF
SH512900,南方中证全指证券公司ETF
SH512910,广发中证A100ETF
SH512930,平安人工智能ETF
SH512940,华安中证有色金属矿业主题ETF
SH512950,华夏中证央企ETF
SH512960,博时央企结构调整ETF
SH512970,平安粤港澳大湾区发展主题ETF
SH512980,广发中证传媒ETF
SH512990,华夏MSCI中国A股国际通ETF
SH513000,易方达奥明日经225ETF(QDII)
SH513010,易方达恒生科技ETF(QDII)
SH513020,国泰中证港股通科技ETF
SH513030,华安德国(DAX)ETF(QDII)
SH513040,易方达中证港股通互联网ETF
SH513050,易方达中证海外中国互联网50(QDII-ETF)
SH513060,博时恒生医疗保健(QDII-ETF)
SH513070,易方达中证港股通消费主题ETF
SH513080,华安法国CAC40ETF(QDII)
SH513090,易方达中证香港证券投资主题ETF
SH513100,国泰纳斯达克100(QDII-ETF)
SH513110,华泰柏瑞纳斯达克100ETF(QDII)
SH513120,广发中证香港创新药(QDII-ETF)
SH513130,华泰柏瑞南方东英恒生科技指数ETF(QDII)
SH513140,华泰柏瑞中证港股通金融服务ETF(QDII)
SH513150,华泰柏瑞中证港股通科技ETF
SH513160,银华恒生港股通中国科技ETF
SH513170,鹏华恒生中国央企(QDII)
SH513180,华夏恒生科技ETF(QDII)
SH513190,华夏中证港股通内地金融ETF
SH513200,易方达中证港股通医药卫生综合ETF
SH513210,易方达恒生ETF(QDII)
SH513220,招商中证全球中国互联网ETF(QDII)
SH513230,华夏中证港股通消费主题ETF
SH513240,华安中证港股通信息技术综合ETF
SH513260,汇添富恒生科技ETF(QDII)
SH513280,汇添富恒生生物科技ETF(QDII)
SH513290,汇添富纳斯达克生物科技ETF
SH513300,华夏纳斯达克100ETF(QDII)
SH513310,华泰柏瑞中证韩交所中韩半导体ETF(QDII)
SH513320,易方达恒生港股通新经济ETF
SH513330,华夏恒生互联网科技业ETF(QDII)
SH513350,富国标普石油天然气勘探及生产精选行业ETF(QDII)
SH513360,博时全球中国教育(QDII-ETF)
SH513380,广发恒生科技(QDII-ETF)
SH513390,博时纳斯达克100ETF
SH513400,鹏华道琼斯工业平均ETF(QDII)
SH513500,博时标普500ETF(QDII)
SH513520,华夏野村日经225ETF(QDII)
SH513530,华泰柏瑞中证港股通高股息投资ETF(QDII)
SH513550,华泰柏瑞中证港股通50ETF
SH513560,兴银中证港股通科技ETF
SH513580,华安恒生科技(QDII-ETF)
SH513590,鹏华中证港股通消费主题ETF
SH513600,南方恒指ETF
SH513630,摩根标普港股通低波红利ETF
SH513650,南方标普500ETF(QDII)
SH513660,华夏沪港通恒生ETF
SH513690,博时恒生高股息ETF
SH513700,鹏华中证港股通医药卫生综合交易ETF
SH513720,国泰中证港股通互联网ETF
SH513730,华泰柏瑞南方东英新交所泛东南亚科技ETF(QDII)
SH513750,广发中证港股通非银ETF
SH513770,华宝中证港股通互联网ETF
SH513780,景顺长城中证港股通创新药ETF
SH513800,南方顶峰TOPIX(ETF-QDII)
SH513810,华夏中证香港内地国有企业ETF(QDII)
SH513820,汇添富中证港股通高股息投资ETF
SH513830,嘉实中证港股通高股息投资ETF
SH513850,易方达MSCI美国50ETF(QDII)
SH513860,海富通中证港股通科技ETF
SH513870,富国纳斯达克100ETF(QDII)
SH513880,华安日经225ETF(QDII)
SH513890,摩根恒生科技ETF(QDII)
SH513900,华安CES港股通精选100ETF
SH513910,华夏中证港股通央企红利ETF
SH513920,华安恒生港股通中国央企红利ETF
SH513930,华泰柏瑞恒生生物科技ETF
SH513950,富国恒生港股通高股息低波动ETF(QDII)
SH513970,景顺长城恒生消费ETF(QDII)
SH513980,景顺长城中证港股通科技ETF
SH513990,招商上证港股通ETF
SH515000,华宝中证科技龙头ETF
SH515010,华夏中证全指证券公司ETF
SH515020,华夏中证银行ETF
SH515030,华夏中证新能源汽车ETF
SH515050,华夏中证5G通信主题ETF
SH515060,华夏中证全指房地产ETF
SH515070,华夏中证人工智能主题ETF
SH515080,招商中证红利ETF
SH515090,博时可持续发展100ETF
SH515100,景顺长城中证红利低波动100ETF
SH515110,易方达中证国企一带一路ETF
SH515120,广发中证创新药产业ETF
SH515130,博时沪深300ETF
SH515150,富国中证国企一带一路ETF
SH515160,招商MSCI中国A股国际通ETF
SH515170,华夏中证细分食品饮料产业主题ETF
SH515180,易方达中证红利ETF
SH515190,中银证券中证500ETF
SH515200,申万菱信中证研发创新100ETF
SH515210,国泰中证钢铁ETF
SH515220,国泰中证煤炭ETF
SH515230,国泰中证全指软件ETF
SH515250,富国中证智能汽车主题ETF
SH515260,华宝中证电子50ETF
SH515290,天弘中证银行ETF
SH515300,嘉实沪深300红利低波动ETF
SH515310,添富沪深300ETF
SH515320,华安中证电子50ETF
SH515330,天弘沪深300ETF
SH515350,民生加银沪深300ETF
SH515360,方正富邦沪深300ETF
SH515370,华夏中证光伏产业ETF
SH515380,泰康沪深300ETF
SH515390,华安沪深300ETF
SH515400,富国中证大数据产业ETF
SH515450,南方标普中国A股大盘红利低波50ETF
SH515460,南方中证全指红利质量ETF
SH515530,泰康中证500ETF
SH515550,国联中证500ETF
SH515560,建信中证全指证券公司ETF
SH515580,华泰柏瑞中证科技100ETF
SH515590,前海开源中证500等权ETF
SH515600,广发中证央企创新驱动ETF
SH515630,鹏华中证800证保ETF
SH515640,华夏中证全指家用电器ETF
SH515650,富国中证消费50ETF
SH515660,国联安沪深300ETF
SH515680,嘉实央企创新驱动ETF
SH515700,平安中证新能源汽车产业ETF
SH515710,华宝中证细分食品饮料产业主题ETF
SH515720,富国中证金融科技主题ETF
SH515730,永赢中证家居家电ETF
SH515750,富国中证科技50策略ETF
SH515760,华夏中证浙江国资创新发展ETF
SH515770,摩根MSCI中国A股ETF
SH515790,华泰柏瑞中证光伏产业ETF
SH515800,添富中证800ETF
SH515810,易方达中证800ETF
SH515850,富国中证全指证券公司ETF
SH515860,嘉实新兴科技100ETF
SH515880,国泰中证全指通信设备ETF
SH515890,博时中证红利ETF
SH515900,博时央企创新驱动ETF
SH515910,中金MSCI中国A股国际质量ETF
SH515920,博时智能消费ETF
SH515950,富国中证医药50ETF
SH515960,嘉实医药健康100ETF
SH515970,华夏中证工程机械主题ETF
SH515980,华富中证人工智能产业ETF
SH515990,添富中证国企一带一路ETF
SH516000,华夏中证大数据产业ETF
SH516010,国泰中证动漫游戏ETF
SH516020,华宝化工ETF
SH516050,工银中证科技龙头ETF
SH516060,工银瑞信中证创新药产业ETF
SH516070,易方达中证内地低碳经济主题ETF
SH516080,易方达中证创新药产业ETF
SH516090,易方达中证新能源ETF
SH516100,华夏中证金融科技主题ETF
SH516110,国泰中证800汽车与零部件ETF
SH516120,富国中证细分化工产业主题ETF
SH516130,华宝中证消费龙头ETF
SH516150,嘉实中证稀土产业ETF
SH516160,南方中证新能源ETF
SH516180,平安中证光伏产业ETF
SH516190,华夏中证文娱传媒ETF
SH516200,华安中证全指证券公司ETF
SH516210,华安中证银行ETF
SH516220,国泰中证细分化工产业主题ETF
SH516230,招商中证光伏产业ETF
SH516250,富国中证工程机械主题ETF
SH516260,华夏中证物联网主题ETF
SH516270,华安中证内地新能源主题ETF
SH516290,汇添富中证光伏产业ETF
SH516300,华泰柏瑞中证1000ETF
SH516310,易方达中证银行ETF
SH516320,华夏中证装备产业ETF
SH516330,华泰柏瑞中证物联网主题ETF
SH516350,易方达中证芯片产业ETF
SH516360,华宝新材料ETF
SH516370,汇添富中证全指电力公用事业ETF
SH516380,华宝智能电动汽车ETF
SH516390,汇添富中证新能源汽车产业ETF
SH516460,鹏华中证800自由现金流ETF
SH516500,华夏中证生物科技主题ETF
SH516510,易方达中证云计算与大数据主题ETF
SH516520,华泰柏瑞中证智能汽车主题ETF
SH516530,银华中证现代物流ETF
SH516550,嘉实中证大农业ETF
SH516560,华宝中证养老产业ETF
SH516570,易方达中证石化产业ETF
SH516580,博时中证新能源ETF
SH516590,易方达中证智能电动汽车ETF
SH516600,工银瑞信中证消费服务领先ETF
SH516610,大成中证全指医疗保健设备与服务ETF
SH516620,国泰中证影视主题ETF
SH516630,华夏中证云计算与大数据主题ETF
SH516640,富国中证芯片产业ETF
SH516650,华夏中证细分有色金属产业主题ETF
SH516660,华安中证新能源汽车ETF
SH516670,招商中证畜牧养殖ETF
SH516700,华宝大数据ETF
SH516710,华夏中证新材料主题ETF
SH516720,浦银安盛中证ESG120策略ETF
SH516730,浦银安盛中证证券公司30ETF
SH516750,富国中证全指建筑材料ETF
SH516760,平安中证畜牧养殖ETF
SH516770,华泰柏瑞中证动漫游戏ETF
SH516780,华泰柏瑞中证稀土产业ETF
SH516790,华泰柏瑞中证全指医疗保健设备与服务ETF
SH516800,华宝中证智能制造ETF
SH516810,华夏中证农业主题ETF
SH516820,平安中证医药及医疗器械创新ETF
SH516830,富国沪深300ESG基准ETF
SH516840,南方中证全指汽车ETF
SH516850,华夏中证新能源ETF
SH516860,博时金融科技ETF
SH516880,银华中证光伏产业ETF
SH516890,平安中证新材料主题ETF
SH516900,华安中证申万食品饮料ETF
SH516910,富国中证现代物流ETF
SH516920,汇添富中证芯片产业ETF
SH516930,民生加银中证生物科技主题ETF
SH516950,银华中证基建ETF
SH516960,国泰中证细分机械设备产业主题ETF
SH516970,广发中证基建工程ETF
SH516980,华富中证证券公司先锋策略ETF
SH517000,银华中证沪港深500ETF
SH517010,易方达中证沪港深500ETF
SH517030,易方达中证沪港深300ETF
SH517050,华泰柏瑞中证沪港深互联网ETF
SH517080,汇添富中证沪港深500ETF
SH517090,国泰富时中国国企开放共赢ETF
SH517100,富国中证沪港深500ETF
SH517110,国泰中证沪港深创新药产业ETF
SH517120,华泰柏瑞中证沪港深创新药产业ETF
SH517160,南方中证长江保护主题ETF
SH517170,华夏中证沪港深500ETF
SH517180,南方富时中国国企开放共赢ETF
SH517200,嘉实中证沪港深互联网ETF
SH517300,国寿安保中证沪港深300ETF
SH517330,易方达中证长江保护主题ETF
SH517350,广发中证沪港深科技龙头ETF
SH517360,华安中证沪港深科技100ETF
SH517380,天弘恒生沪深港创新药精选50ETF
SH517390,天弘中证沪港深云计算产业ETF
SH517400,国泰中证沪深港黄金产业股票ETF
SH517520,永赢中证沪深港黄金产业股票ETF
SH517550,招商中证沪港深消费龙头ETF
SH517660,天弘中证沪港深物联网主题ETF
SH517770,浦银安盛中证沪港深游戏及文化传媒ETF
SH517800,方正富邦中证沪港深人工智能50ETF
SH517850,汇添富中证沪港深张江自主创新50ETF
SH517880,华泰柏瑞中证沪港深品牌消费50ETF
SH517900,招商中证银行AH价格优选ETF
SH517950,交银中证智选沪深港科技50ETF
SH517990,招商中证沪港深500医药卫生ETF
SH518600,广发上海金ETF
SH518660,工银瑞信黄金ETF
SH518680,富国上海金ETF
SH518800,国泰黄金ETF
SH518850,华夏黄金ETF
SH518860,建信上海金ETF
SH518880,华安黄金ETF
SH518890,中银上海金ETF
SH520500,华泰柏瑞恒生创新药ETF(QDII)
SH520510,华夏中证港股通医疗主题ETF
SH520520,华泰柏瑞恒生消费ETF(QDII)
SH520530,港股通科技ETF东财
SH520550,招商恒生港股通高股息低波动ETF
SH520560,华宝港股通恒生中国(香港上市)30ETF
SH520570,南方恒生科技ETF(QDII)
SH520580,招商利安新兴亚洲精选ETF(QDII)
SH520590,鹏华恒生科技ETF(QDII)
SH520600,广发中证港股通汽车ETF
SH520610,银华标普港股通低波红利ETF
SH520620,嘉实恒生消费ETF
SH520630,广发中证港股通互联网ETF
SH520650,南方中证港股通互联网ETF
SH520660,南方中证国新港股通央企红利ETF
SH520670,嘉实恒生港股通科技主题ETF
SH520680,南方中证港股通汽车产业主题ETF
SH520690,博时恒生港股通创新药精选ETF
SH520700,万家中证港股通创新药ETF
SH520720,国泰中证港股通汽车产业主题ETF
SH520730,万家恒生港股通汽车主题ETF
SH520760,摩根恒生生物科技ETF
SH520770,建信恒指港股通ETF
SH520780,华宝中证港股通汽车产业主题ETF
SH520790,兴业中证港股通互联网ETF
SH520810,易方达中证港股通高股息投资ETF
SH520820,汇添富恒指港股通ETF
SH520830,华泰柏瑞南方东英沙特阿拉伯ETF(QDII)
SH520840,华安恒生港股通科技主题ETF
SH520850,易方达中证港股通医疗主题ETF
SH520860,富国中证港股通科技ETF
SH520870,易方达伊塔乌巴西IBOVESPAETF(QDII)
SH520880,华宝恒生港股通创新药精选ETF
SH520890,华泰柏瑞恒生港股通高股息低波动ETF
SH520900,广发中证国新港股通央企红利ETF
SH520910,华夏中证港股通互联网ETF
SH520920,天弘恒生科技ETF
SH520930,国泰恒生生物科技ETF
SH520940,华安恒指港股通ETF
SH520950,摩根恒生港股通50ETF
SH520960,嘉实恒指港股通ETF
SH520970,嘉实中证港股通创新药ETF
SH520980,汇添富恒生港股通中国科技ETF
SH520990,景顺长城中证国新港股通央企红利ETF
SH526000,华夏中证港股通信息技术综合ETF
SH526010,汇添富中证港股通医疗主题ETF
SH526050,招商中证港股通信息技术综合ETF
SH530000,天弘上证50ETF
SH530050,上证50ETF东财
SH530060,易方达上证综合ETF
SH530080,天弘上证180ETF
SH530100,易方达上证580ETF
SH530180,易方达上证180ETF
SH530280,平安上证180ETF
SH530300,华泰柏瑞上证180ETF
SH530380,易方达上证380ETF
SH530530,华夏上证580ETF
SH530580,南方上证180ETF
SH530680,兴业上证180ETF
SH530800,银华上证180ETF
SH530880,银河上证国有企业红利ETF
SH551000,博时上证AAA科创债ETF
SH551030,鹏华上证AAA科创债ETF
SH551060,中银上证AAA科创债ETF
SH551300,摩根上证AAA科技创新公司债ETF
SH551500,易方达中证AAA科技创新公司债ETF
SH551510,华泰柏瑞中证AAA科技创新公司债ETF
SH551520,汇添富中证AAA科创债ETF
SH551550,华夏中证AAA科技创新公司债ETF
SH551560,兴业中证AAA科技创新公司债ETF
SH551580,泰康中证AAA科技创新公司债ETF
SH551800,国泰中证AAA科技创新公司债ETF
SH551900,招商中证AAA科技创新公司债ETF
SH560000,浦银安盛中证智能电动汽车ETF
SH560010,广发中证1000ETF
SH560020,汇添富中证红利ETF
SH560030,汇添富中证800价值ETF
SH560050,汇添富MSCI中国A50互联互通ETF
SH560060,汇添富中证上海环交所碳中和ETF
SH560070,汇添富中证国新央企股东回报ETF
SH560080,汇添富中证中药ETF
SH560090,汇添富中证全指证券公司ETF
SH560100,南方中证500增强策略ETF
SH560110,汇添富中证1000ETF
SH560120,华夏中证500自由现金流ETF
SH560130,鹏华中证全指食品ETF
SH560150,泰康中证红利低波动ETF
SH560160,易方达中证全指食品ETF
SH560170,南方中证国新央企科技引领ETF
SH560180,南方沪深300ESG基准ETF
SH560190,鹏华中证全指公用事业ETF
SH560210,景顺长城农牧渔ETF
SH560220,广发中证2000ETF
SH560230,富国中证光伏产业ETF
SH560260,广发中证医疗ETF
SH560270,工银瑞信中证全指电力公用事业ETF
SH560280,广发中证工程机械主题ETF
SH560290,景顺长城中证有色金属矿业主题ETF
SH560300,汇添富中证电信主题ETF
SH560310,博时中证光伏产业ETF
SH560320,富国中证全指食品ETF
SH560330,申万菱信沪深300价值ETF
SH560350,摩根中证A50ETF
SH560360,万家中证软件服务ETF
SH560370,易方达中证全指红利质量ETF
SH560380,南方中证A100ETF
SH560390,易方达恒生A股电网设备ETF
SH560400,华泰柏瑞中证全指证券公司ETF
SH560410,鹏华中证电池主题ETF
SH560450,天弘中证全指电力公用事业ETF
SH560460,平安中证全指电力公用事业ETF
SH560470,易方达中证细分有色金属产业主题ETF
SH560500,鹏扬中证500质量成长ETF
SH560510,泰康中证A500ETF
SH560520,大成中证红利低波动100ETF
SH560530,摩根中证A500ETF
SH560550,广发中证上海环交所碳中和ETF
SH560560,泰康中证内地低碳经济ETF
SH560570,国联安中证A500红利低波ETF
SH560580,南方中证全指电力公用事业ETF
SH560590,鹏华中证1000增强策略ETF
SH560610,招商中证A500ETF
SH560620,万家中证全指公用事业ETF
SH560630,万家中证机器人ETF
SH560650,民生加银中证企业核心竞争力50ETF
SH560660,新华中证云计算50ETF
SH560680,广发中证主要消费ETF
SH560690,鹏华中证电信主题ETF
SH560700,广发中证国新央企股东回报ETF
SH560710,富国中证智选船舶产业ETF
SH560750,申万菱信中证A500ETF
SH560770,招商中证机器人ETF
SH560780,广发中证半导体材料设备主题ETF
SH560800,鹏扬中证数字经济主题ETF
SH560810,融通中证诚通央企ESGETF
SH560820,新华中证A50ETF
SH560850,汇添富中证信息技术应用创新产业ETF
SH560860,万家中证工业有色金属主题ETF
SH560880,广发中证全指家用电器ETF
SH560890,新华中证红利低波动ETF
SH560900,摩根中证创新药产业ETF
SH560930,易方达中证全指电力公用事业ETF
SH560950,汇添富中证500增强策略ETF
SH560980,广发中证光伏龙头30ETF
SH560990,中金科技先锋ETF
SH561000,华安沪深300增强策略ETF
SH561010,华安中证全指软件开发ETF
SH561060,华安中证国有企业红利ETF
SH561080,华安中证全指自由现金流ETF
SH561090,华安中证A500增强策略ETF
SH561100,富国中证消费电子主题ETF
SH561120,富国中证全指家用电器ETF
SH561130,富国中证新华社民族品牌工程ETF
SH561160,富国中证电池主题ETF
SH561170,富国中证绿色电力ETF
SH561180,富国中证A100ETF
SH561190,富国中证上海环交所碳中和ETF
SH561200,工银中证A100ETF
SH561220,工银瑞信中证诚通国企数字经济ETF
SH561230,工银瑞信中证A50ETF
SH561260,工银瑞信中证国新央企现代能源ETF
SH561280,工银中证1000增强策略ETF
SH561300,国泰沪深300增强策略ETF
SH561310,国泰中证消费电子主题ETF
SH561320,国泰中证内地运输主题ETF
SH561330,国泰中证有色金属矿业主题ETF
SH561350,国泰中证500ETF
SH561360,国泰中证油气产业ETF
SH561370,国泰中证2000ETF
SH561380,国泰恒生A股电网设备ETF
SH561500,华泰柏瑞中证企业核心竞争力50ETF
SH561510,华泰柏瑞中证中药ETF
SH561550,华泰柏瑞中证500增强策略ETF
SH561560,华泰柏瑞中证全指电力公用事业ETF
SH561570,华泰柏瑞中证油气产业ETF
SH561580,华泰柏瑞中证中央企业红利ETF
SH561590,华泰柏瑞中证1000增强策略ETF
SH561600,平安中证消费电子主题ETF
SH561660,平安中证通用航空主题ETF
SH561680,平安中证A500红利低波动ETF
SH561700,博时中证全指电力公用事业ETF
SH561750,博时中证A50ETF
SH561760,博时中证油气资源ETF
SH561770,博时中证A100ETF
SH561780,博时中证1000增强策略ETF
SH561790,博时中证国新央企现代能源ETF
SH561800,华富中证稀有金属主题ETF
SH561870,华富中证全指自由现金流ETF
SH561880,华富中证A100ETF
SH561900,招商沪深300ESG基准ETF
SH561910,招商中证电池主题ETF
SH561920,招商中证疫苗与生物技术ETF
SH561930,招商沪深300ETF
SH561950,招商中证500增强策略ETF
SH561960,招商中证国新央企股东回报ETF
SH561980,招商中证半导体产业ETF
SH561990,招商沪深300增强策略ETF
SH562000,华宝中证A100ETF
SH562010,华宝中证绿色能源ETF
SH562030,华宝中证信息技术应用创新产业ETF
SH562050,华宝中证制药ETF
SH562060,华宝标普中国A股红利机会ETF
SH562070,华宝沪深300增强策略ETF
SH562080,华宝沪深300自由现金流ETF
SH562300,银华中证内地低碳经济主题ETF
SH562310,银华沪深300成长ETF
SH562320,银华沪深300价值ETF
SH562330,银华中证500价值ETF
SH562340,银华中证500质量成长ETF
SH562350,银华中证全指电力公用事业ETF
SH562360,银华中证机器人ETF
SH562380,银华中证国新央企科技引领ETF
SH562390,银华中证中药ETF
SH562500,华夏中证机器人ETF
SH562510,华夏中证旅游主题ETF
SH562520,华夏中证智选1000成长创新策略ETF
SH562530,华夏中证智选1000价值稳健策略ETF
SH562550,华夏中证绿色电力ETF
SH562560,华夏中证全指信息技术ETF
SH562570,华夏中证信息技术应用创新产业ETF
SH562580,华夏中证全指可选消费ETF
SH562590,华夏中证半导体材料设备主题ETF
SH562600,华夏中证全指医疗器械ETF
SH562660,华夏中证2000ETF
SH562700,华夏中证汽车零部件主题ETF
SH562800,嘉实中证稀有金属主题ETF
SH562810,嘉实上证综合增强策略ETF
SH562820,嘉实中证全指集成电路ETF
SH562850,嘉实中证国新央企现代能源ETF
SH562860,嘉实中证疫苗与生物技术ETF
SH562870,嘉实中证全指证券公司ETF
SH562880,嘉实中证电池主题ETF
SH562890,嘉实中证A50ETF
SH562900,易方达中证现代农业主题ETF
SH562910,易方达中证装备产业ETF
SH562920,易方达中证信息安全主题ETF
SH562930,易方达中证软件服务ETF
SH562950,易方达中证消费电子主题ETF
SH562960,易方达中证绿色电力ETF
SH562970,易方达中证光伏产业ETF
SH562990,易方达中证上海环交所碳中和ETF
SH563000,易方达MSCI中国A50互联互通ETF
SH563010,易方达中证电信主题ETF
SH563020,易方达中证红利低波动ETF
SH563030,易方达中证500增强策略ETF
SH563050,易方达中证国新央企科技引领ETF
SH563060,易方达中证国资央企50ETF
SH563080,易方达中证A50ETF
SH563090,易方达上证50增强策略ETF
SH563150,银华中证油气资源ETF
SH563180,银华中证高股息策略ETF
SH563200,富国中证2000ETF
SH563210,富国恒生A股专精特新企业ETF
SH563220,富国中证A500ETF
SH563230,富国中证卫星产业ETF
SH563280,富国MSCI中国A50互联互通增强策略ETF
SH563300,华泰柏瑞中证2000ETF
SH563320,华泰柏瑞中证通用航空主题ETF
SH563330,华泰柏瑞中证A股ETF
SH563350,华泰柏瑞中证A50ETF
SH563360,华泰柏瑞中证A500ETF
SH563380,华泰柏瑞中证全指航空航天ETF
SH563390,华泰柏瑞中证全指自由现金流ETF
SH563500,华宝中证A500ETF
SH563510,易方达中证A500红利低波动ETF
SH563520,沪深300ETF永赢
SH563530,易方达中证卫星产业ETF
SH563550,摩根中证A500增强策略ETF
SH563560,兴业中证科技优势成长50策略ETF
SH563570,兴业中证金融科技ETF
SH563580,万家中证800自由现金流ETF
SH563590,国寿安保中证A500红利低波动ETF
SH563600,易方达中证A500增强策略ETF
SH563620,兴业中证全指自由现金流ETF
SH563630,国联安中证A500增强ETF
SH563650,兴业中证A500ETF
SH563660,银河中证A500ETF
SH563670,鹏华中证金融科技主题ETF
SH563680,汇添富中证800自由现金流ETF
SH563690,永赢中证红利低波ETF
SH563700,易方达中证红利价值ETF
SH563750,汇添富中证500ETF
SH563760,中银中证全指自由现金流ETF
SH563770,招商中证全指自由现金流ETF
SH563780,方正富邦中证全指自由现金流ETF
SH563790,鹏华中证卫星产业ETF
SH563800,广发中证A500ETF
SH563830,博时中证全指自由现金流ETF
SH563850,广发中证全指食品ETF
SH563860,海富通中证A500ETF
SH563870,鹏华中证通用航空主题ETF
SH563880,汇添富中证A500ETF
SH563890,创金合信中证国有企业红利ETF
SH563900,摩根沪深300自由现金流ETF
SH563930,招商上证综合增强策略ETF
SH563960,兴全沪深300质量ETF
SH563980,鑫元中证800红利低波动ETF
SH563990,富国中证800自由现金流ETF
SH588000,华夏上证科创板50成份ETF
SH588010,博时上证科创板新材料ETF
SH588020,易方达上证科创板成长ETF
SH588030,博时上证科创板100ETF
SH588040,鹏华科创板50ETF
SH588050,工银瑞信上证科创板50成份ETF
SH588060,广发上证科创板50成份ETF
SH588070,万家上证科创板成长ETF
SH588080,易方达上证科创板50ETF
SH588090,华泰柏瑞上证科创板50成份ETF
SH588100,嘉实上证科创板新一代信息技术ETF
SH588110,广发上证科创板成长ETF
SH588120,国泰上证科创板100ETF
SH588130,华夏上证科创板生物医药ETF
SH588140,广发上证科创200ETF
SH588150,南方上证科创板50成份ETF
SH588160,南方上证科创板新材料ETF
SH588170,华夏上证科创板半导体材料设备主题ETF
SH588180,国联安科创ETF
SH588190,银华上证科创板100ETF
SH588200,嘉实上证科创板芯片ETF
SH588210,易方达上证科创板100ETF
SH588220,鹏华上证科创板100ETF
SH588230,华泰柏瑞上证科创板200ETF
SH588240,鹏华上证科创板200ETF
SH588250,鹏华上证科创板生物医药ETF
SH588260,华安上证科创板新一代信息技术ETF
SH588270,易方达上证科创板200ETF
SH588280,华安上证科创板50ETF
SH588290,华安上证科创板芯片ETF
SH588300,招商中证科创创业50ETF
SH588310,方正富邦中证科创创业50ETF
SH588320,广发中证科创创业50增强策略ETF
SH588330,华宝双创龙头ETF
SH588350,鹏扬中证科创创业50ETF
SH588360,国泰中证科创创业50ETF
SH588370,南方上证科创板50成份增强策略ETF
SH588380,富国中证科创创业50ETF
SH588390,博时中证科创创业50ETF
SH588400,嘉实中证科创创业50ETF
SH588410,鹏华中证科创创业人工智能ETF
SH588420,摩根中证科创创业人工智能ETF
SH588430,工银瑞信中证科创创业人工智能ETF
SH588450,招商上证科创板50成份增强策略ETF
SH588460,鹏华上证科创板50成份增强策略ETF
SH588480,中金中证科创创业人工智能ETF
SH588500,易方达上证科创板100增强策略ETF
SH588520,永赢上证科创板综合价格增强策略ETF
SH588550,易方达上证科创板综合增强策略ETF
SH588660,兴银中证科创创业50ETF
SH588670,嘉实上证科创板综合增强策略ETF
SH588680,广发上证科创板100增强策略ETF
SH588690,银华上证科创板综合增强策略ETF
SH588700,嘉实上证科创板生物医药ETF
SH588710,华泰柏瑞上证科创板半导体材料设备主题ETF
SH588720,中银上证科创板50ETF
SH588730,易方达上证科创板人工智能ETF
SH588750,汇添富上证科创板芯片ETF
SH588760,广发上证科创板人工智能ETF
SH588770,摩根上证科创板新一代信息技术ETF
SH588780,国联安科创芯片设计ETF
SH588790,博时科创板人工智能ETF
SH588800,华夏上证科创板100ETF
SH588810,富国上证科创板芯片ETF
SH588820,华夏上证科创板200ETF
SH588830,鹏华上证科创板新能源ETF
SH588840,万家上证科创板50成份ETF
SH588850,嘉实上证科创板工业机械ETF
SH588860,工银瑞信上证科创板生物医药ETF
SH588870,汇添富上证科创板50成份ETF
SH588880,华泰柏瑞上证科创板100ETF
SH588890,南方上证科创板芯片ETF
SH588900,南方上证科创板100ETF
SH588910,建信上证智选科创板创新价值ETF
SH588920,鹏华上证科创板芯片ETF
SH588930,银华上证科创板人工智能ETF
SH588940,富国上证科创板50成份ETF
SH588950,景顺长城上证科创板50成份ETF
SH588960,富国上证科创板新能源ETF
SH588980,广发上证科创板100ETF
SH588990,博时上证科创板芯片ETF
SH589000,华夏上证科创板综合ETF
SH589010,华夏上证科创板人工智能ETF
SH589020,鹏华科创板半导体材料设备主题ETF
SH589030,易方达上证科创板芯片设计主题ETF
SH589050,兴业科创价格ETF
SH589060,科创综指ETF东财
SH589070,天弘上证科创板芯片设计主题ETF
SH589080,汇添富上证科创板综合ETF
SH589090,鹏华科创板人工智能ETF
SH589100,国泰上证科创板芯片ETF
SH589110,国泰上证科创板人工智能ETF
SH589120,汇添富上证科创板创新药ETF
SH589130,易方达上证科创板芯片ETF
SH589150,平安上证科创板50成份ETF
SH589160,广发上证科创板芯片ETF
SH589170,鹏华上证科创板芯片设计主题ETF
SH589180,汇添富上证科创板新材料ETF
SH589190,华宝上证科创板芯片ETF
SH589200,工银瑞信上证科创板200ETF
SH589210,广发上证科创板芯片设计主题ETF
SH589220,国泰上证科创板200ETF
SH589230,南方上证科创板人工智能ETF
SH589250,浦银安盛科创板芯片设计ETF
SH589260,国泰上证科创板芯片设计主题ETF
SH589270,前海开源上证科创板100ETF
SH589300,嘉实上证科创板综合ETF
SH589380,富国上证科创板人工智能ETF
SH589500,工银瑞信上证科创板综合价格ETF
SH589520,华宝上证科创板人工智能ETF
SH589550,华夏上证智选科创板价值50策略ETF
SH589560,汇添富上证科创板人工智能ETF
SH589580,兴银上证科创板综合价格ETF
SH589600,富国上证科创板综合价格ETF
SH589630,国泰上证科创板综合ETF
SH589660,南方上证科创板综合ETF
SH589680,鹏华科创板综合ETF
SH589700,南方上证科创板成长ETF
SH589720,国泰上证科创板创新药ETF
SH589770,招商上证科创板综合ETF
SH589780,富国上证科创板200ETF
SH589800,易方达上证科创板综合ETF
SH589820,建信上证科创板200ETF
SH589850,科创50ETF东财
SH589860,天弘上证科创板综合ETF
SH589880,建信上证科创板综合ETF
SH589890,景顺长城上证科创板综合价格ETF
SH589900,博时科创综指ETF
SH589950,富国上证科创板100ETF
SH589960,易方达上证科创板新能源ETF
SH589980,汇添富上证科创板100ETF
SH589990,华泰柏瑞上证科创板综合ETF
SH600000,浦发银行
SH600001,邯郸钢铁
SH600002,齐鲁石化
SH600003,ST东北高
SH600004,白云机场
SH600005,武钢股份
SH600006,东风股份
SH600007,中国国贸
SH600008,首创环保
SH600009,上海机场
SH600010,包钢股份
SH600011,华能国际
SH600012,皖通高速
SH600015,华夏银行
SH600016,民生银行
SH600017,日照港
SH600018,上港集团
SH600019,宝钢股份
SH600020,中原高速
SH600021,上海电力
SH600022,山东钢铁
SH600023,浙能电力
SH600025,华能水电
SH600026,中远海能
SH600027,华电国际
SH600028,中国石化
SH600029,南方航空
SH600030,中信证券
SH600031,三一重工
SH600032,浙江新能
SH600033,福建高速
SH600035,楚天高速
SH600036,招商银行
SH600037,歌华有线
SH600038,中直股份
SH600039,四川路桥
SH600048,保利发展
SH600050,中国联通
SH600051,宁波联合
SH600052,东望时代
SH600053,*ST九鼎
SH600054,黄山旅游
SH600055,万东医疗
SH600056,中国医药
SH600057,厦门象屿
SH600058,五矿发展
SH600059,古越龙山
SH600060,海信视像
SH600061,国投资本
SH600062,华润双鹤
SH600063,皖维高新
SH600064,南京高科
SH600065,*ST联谊
SH600066,宇通客车
SH600067,冠城新材
SH600068,葛洲坝
SH600069,退市银鸽
SH600070,*ST富润
SH600071,凤凰光学
SH600072,中船科技
SH600073,光明肉业
SH600074,退市保千
SH600075,新疆天业
SH600076,康欣新材
SH600077,*ST宋都
SH600078,澄星股份
SH600079,ST人福
SH600080,ST金花
SH600081,东风科技
SH600082,ST海泰
SH600083,*ST博信
SH600084,*ST尼雅
SH600085,同仁堂
SH600086,退市金钰
SH600087,退市长油
SH600088,中视传媒
SH600089,特变电工
SH600090,退市济堂
SH600091,退市明科
SH600092,S*ST精密
SH600093,退市易见
SH600094,大名城
SH600095,湘财股份
SH600096,云天化
SH600097,开创国际
SH600098,广州发展
SH600099,林海股份
SH600100,同方股份
SH600101,明星电力
SH600102,莱钢股份
SH600103,青山纸业
SH600104,上汽集团
SH600105,永鼎股份
SH600106,重庆路桥
SH600107,*ST尔雅
SH600108,亚盛集团
SH600109,国金证券
SH600110,诺德股份
SH600111,北方稀土
SH600112,*ST天成
SH600113,浙江东日
SH600114,东睦股份
SH600115,中国东航
SH600116,三峡水利
SH600117,西宁特钢
SH600118,中国卫星
SH600119,*ST长投
SH600120,浙江东方
SH600121,郑州煤电
SH600122,*ST宏图
SH600123,兰花科创
SH600125,铁龙物流
SH600126,杭钢股份
SH600127,金健米业
SH600128,苏豪弘业
SH600129,太极集团
SH600130,波导股份
SH600131,国网信通
SH600132,重庆啤酒
SH600133,东湖高新
SH600135,乐凯胶片
SH600136,ST明诚
SH600137,浪莎股份
SH600138,中青旅
SH600139,*ST西源
SH600141,兴发集团
SH600143,金发科技
SH600145,退市新亿
SH600146,退市环球
SH600148,长春一东
SH600149,廊坊发展
SH600150,中国船舶
SH600151,航天机电
SH600152,维科技术
SH600153,建发股份
SH600155,华创云信
SH600156,华升股份
SH600157,永泰能源
SH600158,中体产业
SH600159,大龙地产
SH600160,巨化股份
SH600161,天坛生物
SH600162,香江控股
SH600163,中闽能源
SH600165,ST宁科
SH600166,福田汽车
SH600167,联美控股
SH600168,武汉控股
SH600169,ST太重
SH600170,上海建工
SH600171,上海贝岭
SH600172,黄河旋风
SH600173,卧龙新能
SH600175,退市美都
SH600176,中国巨石
SH600177,雅戈尔
SH600178,东安动力
SH600179,安通控股
SH600180,*ST瑞茂
SH600181,S*ST云大
SH600182,S佳通
SH600183,生益科技
SH600184,光电股份
SH600185,珠免集团
SH600186,莲花控股
SH600187,*ST国中
SH600188,兖矿能源
SH600189,泉阳泉
SH600190,退市锦港
SH600191,华资实业
SH600192,长城电工
SH600193,*ST创兴
SH600195,中牧股份
SH600196,复星医药
SH600197,伊力特
SH600198,大唐电信
SH600199,金种子酒
SH600200,退市苏吴
SH600201,生物股份
SH600202,哈空调
SH600203,福日电子
SH600205,S山东铝
SH600206,有研新材
SH600207,安彩高科
SH600208,衢州发展
SH600209,退市罗顿
SH600210,紫江企业
SH600211,西藏药业
SH600212,绿能慧充
SH600213,*ST亚星
SH600215,派斯林
SH600216,浙江医药
SH600217,中再资环
SH600218,全柴动力
SH600219,南山铝业
SH600220,ST阳光
SH600221,海航控股
SH600222,太龙药业
SH600223,福瑞达
SH600225,退市卓朗
SH600226,亨通股份
SH600227,赤天化
SH600228,*ST返利
SH600229,城市传媒
SH600230,沧州大化
SH600231,凌钢股份
SH600232,金鹰股份
SH600233,圆通速递
SH600234,科新发展
SH600235,民丰特纸
SH600236,桂冠电力
SH600237,铜峰电子
SH600238,*ST椰岛
SH600239,ST云城
SH600240,退市华业
SH600241,时代万恒
SH600242,退市中昌
SH600243,*ST海华
SH600246,万通发展
SH600247,*ST成城
SH600248,陕建股份
SH600249,两面针
SH600250,南京商旅
SH600251,冠农股份
SH600252,中恒集团
SH600253,天方药业
SH600255,鑫科材料
SH600256,广汇能源
SH600257,大湖股份
SH600258,首旅酒店
SH600259,中稀有色
SH600260,*ST凯乐
SH600261,阳光照明
SH600262,北方股份
SH600263,路桥建设
SH600265,*ST景谷
SH600266,城建发展
SH600267,海正药业
SH600268,国电南自
SH600269,赣粤高速
SH600270,外运发展
SH600271,航天信息
SH600272,开开实业
SH600273,嘉化能源
SH600275,退市昌鱼
SH600276,恒瑞医药
SH600277,ST亿利
SH600278,东方创业
SH600279,重庆港
SH600280,中央商场
SH600281,华阳新材
SH600282,南钢股份
SH600283,钱江水利
SH600284,浦东建设
SH600285,羚锐制药
SH600286,S*ST国瓷
SH600287,苏豪时尚
SH600288,大恒科技
SH600289,ST信通
SH600290,*ST华仪
SH600291,退市西水
SH600292,电投水电
SH600293,三峡新材
SH600295,鄂尔多斯
SH600296,S兰铝
SH600297,广汇汽车
SH600298,安琪酵母
SH600299,安迪苏
SH600300,维维股份
SH600301,华锡有色
SH600302,ST标准
SH600303,曙光股份
SH600305,恒顺醋业
SH600306,退市商城
SH600307,酒钢宏兴
SH600308,华泰股份
SH600309,万华化学
SH600310,广西能源
SH600311,*ST荣华
SH600312,平高电气
SH600313,农发种业
SH600315,上海家化
SH600316,洪都航空
SH600317,营口港
SH600318,新力金融
SH600319,亚星化学
SH600320,振华重工
SH600321,正源股份
SH600322,津投城开
SH600323,瀚蓝环境
SH600325,华发股份
SH600326,西藏天路
SH600327,大东方
SH600328,中盐化工
SH600329,达仁堂
SH600330,天通股份
SH600331,宏达股份
SH600332,白云山
SH600333,长春燃气
SH600335,国机汽车
SH600336,澳柯玛
SH600337,ST美克
SH600338,西藏珠峰
SH600339,中油工程
SH600340,*ST华幸
SH600343,航天动力
SH600345,长江通信
SH600346,恒力石化
SH600348,华阳股份
SH600350,山东高速
SH600351,亚宝药业
SH600352,浙江龙盛
SH600353,旭光电子
SH600354,敦煌种业
SH600355,*ST精伦
SH600356,恒丰纸业
SH600357,承德钒钛
SH600358,国旅联合
SH600359,新农开发
SH600360,*ST华微
SH600361,创新新材
SH600362,江西铜业
SH600363,联创光电
SH600365,ST通葡
SH600366,宁波韵升
SH600367,红星发展
SH600368,五洲交通
SH600369,西南证券
SH600370,*ST三房
SH600371,万向德农
SH600372,中航机载
SH600373,中文传媒
SH600375,汉马科技
SH600376,首开股份
SH600377,宁沪高速
SH600378,昊华科技
SH600379,宝光股份
SH600380,健康元
SH600381,*ST春天
SH600382,广东明珠
SH600383,金地集团
SH600385,退市金泰
SH600386,北巴传媒
SH600387,退市海越
SH600388,龙净环保
SH600389,江山股份
SH600390,五矿资本
SH600391,航发科技
SH600392,盛和资源
SH600393,ST粤泰
SH600395,盘江股份
SH600396,华电辽能
SH600397,江钨装备
SH600398,海澜之家
SH600399,抚顺特钢
SH600400,红豆股份
SH600401,退市海润
SH600403,大有能源
SH600405,动力源
SH600406,国电南瑞
SH600408,安泰集团
SH600409,三友化工
SH600410,华胜天成
SH600415,小商品城
SH600416,湘电股份
SH600418,江淮汽车
SH600419,天润乳业
SH600420,国药现代
SH600421,*ST华嵘
SH600422,昆药集团
SH600423,*ST柳化
SH600425,青松建化
SH600426,华鲁恒升
SH600428,中远海特
SH600429,三元股份
SH600432,退市吉恩
SH600433,冠豪高新
SH600435,北方导航
SH600436,片仔癀
SH600438,通威股份
SH600439,瑞贝卡
SH600444,国机通用
SH600446,金证股份
SH600448,华纺股份
SH600449,宁夏建材
SH600452,涪陵电力
SH600455,博通股份
SH600456,宝钛股份
SH600458,时代新材
SH600459,贵研铂业
SH600460,士兰微
SH600461,洪城环境
SH600462,退市九有
SH600463,空港股份
SH600466,*ST蓝光
SH600467,好当家
SH600468,百利电气
SH600469,风神股份
SH600470,六国化工
SH600472,包头铝业
SH600475,华光环能
SH600476,*ST湘邮
SH600477,杭萧钢构
SH600478,科力远
SH600479,千金药业
SH600480,凌云股份
SH600481,双良节能
SH600482,中国动力
SH600483,福能股份
SH600485,*ST信威
SH600486,扬农化工
SH600487,亨通光电
SH600488,津药药业
SH600489,中金黄金
SH600490,鹏欣资源
SH600491,ST龙元
SH600493,凤竹纺织
SH600495,晋西车轴
SH600496,精工钢构
SH600497,驰宏锌锗
SH600498,烽火通信
SH600499,科达制造
SH600500,中化国际
SH600501,航天晨光
SH600502,安徽建工
SH600503,华丽家族
SH600505,西昌电力
SH600506,统一股份
SH600507,方大特钢
SH600508,上海能源
SH600509,天富能源
SH600510,黑牡丹
SH600511,国药股份
SH600512,腾达建设
SH600513,联环药业
SH600515,海南机场
SH600516,方大炭素
SH600517,国网英大
SH600518,康美药业
SH600519,贵州茅台
SH600520,三佳科技
SH600521,华海药业
SH600522,中天科技
SH600523,贵航股份
SH600525,ST长园
SH600526,菲达环保
SH600527,江南高纤
SH600528,中铁工业
SH600529,山东药玻
SH600530,交大昂立
SH600531,豫光金铅
SH600532,退市未来
SH600533,栖霞建设
SH600535,天士力
SH600536,中国软件
SH600537,*ST亿晶
SH600538,国发股份
SH600539,狮头股份
SH600540,新赛股份
SH600543,*ST莫高
SH600545,卓郎智能
SH600546,山煤国际
SH600547,山东黄金
SH600548,深高速
SH600549,厦门钨业
SH600550,保变电气
SH600551,时代出版
SH600552,凯盛科技
SH600553,太行水泥
SH600555,退市海创
SH600556,天下秀
SH600557,康缘药业
SH600558,大西洋
SH600559,老白干酒
SH600560,金自天正
SH600561,江西长运
SH600562,国睿科技
SH600563,法拉电子
SH600565,ST迪马
SH600566,济川药业
SH600567,山鹰国际
SH600568,ST中珠
SH600569,安阳钢铁
SH600570,恒生电子
SH600571,信雅达
SH600572,康恩贝
SH600573,惠泉啤酒
SH600575,淮河能源
SH600576,祥源文旅
SH600577,精达股份
SH600578,京能电力
SH600579,中化装备
SH600580,卧龙电驱
SH600581,*ST八钢
SH600582,天地科技
SH600583,海油工程
SH600584,长电科技
SH600585,海螺水泥
SH600586,金晶科技
SH600587,新华医疗
SH600588,用友网络
SH600589,大位科技
SH600590,泰豪科技
SH600591,*ST上航
SH600592,龙溪股份
SH600593,大连圣亚
SH600594,益佰制药
SH600595,中孚实业
SH600596,新安股份
SH600597,光明乳业
SH600598,北大荒
SH600599,*ST熊猫
SH600600,青岛啤酒
SH600601,方正科技
SH600602,云赛智联
SH600603,广汇物流
SH600604,市北高新
SH600605,汇通能源
SH600606,绿地控股
SH600607,上实医药
SH600608,*ST沪科
SH600609,金杯汽车
SH600610,中毅达
SH600611,大众交通
SH600612,老凤祥
SH600613,神奇制药
SH600614,退市鹏起
SH600615,鑫源智造
SH600616,金枫酒业
SH600617,国新能源
SH600618,氯碱化工
SH600619,海立股份
SH600620,天宸股份
SH600621,华鑫股份
SH600622,光大嘉宝
SH600623,华谊集团
SH600624,ST复华
SH600625,PT水仙
SH600626,申达股份
SH600627,上电股份
SH600628,新世界
SH600629,华建集团
SH600630,龙头股份
SH600631,百联股份
SH600632,华联商厦
SH600633,浙数文化
SH600634,退市富控
SH600635,大众公用
SH600636,*ST国化
SH600637,东方明珠
SH600638,新黄浦
SH600639,浦东金桥
SH600640,国脉文化
SH600641,先导基电
SH600642,申能股份
SH600643,爱建集团
SH600644,乐山电力
SH600645,中源协和
SH600646,ST国嘉
SH600647,退市同达
SH600648,外高桥
SH600649,城投控股
SH600650,锦江在线
SH600651,飞乐音响
SH600652,退市游久
SH600653,申华控股
SH600654,中安科
SH600655,豫园股份
SH600656,退市博元
SH600657,信达地产
SH600658,电子城
SH600659,*ST花雕
SH600660,福耀玻璃
SH600661,昂立教育
SH600662,外服控股
SH600663,陆家嘴
SH600664,哈药股份
SH600665,天地源
SH600666,奥瑞德
SH600667,太极实业
SH600668,尖峰集团
SH600669,*ST鞍成
SH600670,*ST斯达
SH600671,天目药业
SH600672,*ST华圣
SH600673,东阳光
SH600674,川投能源
SH600675,中华企业
SH600676,交运股份
SH600677,*ST航通
SH600678,ST金顶
SH600679,上海凤凰
SH600680,*ST上普
SH600681,百川能源
SH600682,南京新百
SH600683,京投发展
SH600684,珠江股份
SH600685,中船防务
SH600686,金龙汽车
SH600687,退市刚泰
SH600688,上海石化
SH600689,上海三毛
SH600690,海尔智家
SH600691,潞化科技
SH600692,亚通股份
SH600693,东百集团
SH600694,大商股份
SH600695,退市绿庭
SH600696,*ST岩石
SH600697,欧亚集团
SH600698,湖南天雁
SH600699,均胜电子
SH600700,*ST数码
SH600701,退市工新
SH600702,舍得酒业
SH600703,三安光电
SH600704,物产中大
SH600705,中航产融
SH600706,曲江文旅
SH600707,彩虹股份
SH600708,光明地产
SH600709,ST生态
SH600710,苏美达
SH600711,盛屯矿业
SH600712,南宁百货
SH600713,南京医药
SH600714,金瑞矿业
SH600715,文投控股
SH600716,凤凰股份
SH600717,天津港
SH600718,东软集团
SH600719,大连热电
SH600720,中交设计
SH600721,百花医药
SH600722,金牛化工
SH600723,首商股份
SH600724,宁波富达
SH600725,云维股份
SH600726,华电能源
SH600727,鲁北化工
SH600728,佳都科技
SH600729,重百集团
SH600730,*ST高科
SH600731,湖南海利
SH600732,爱旭股份
SH600733,北汽蓝谷
SH600734,*ST实达
SH600735,ST新华锦
SH600736,苏州高新
SH600737,中粮糖业
SH600738,丽尚国潮
SH600739,辽宁成大
SH600740,山西焦化
SH600741,华域汽车
SH600742,富维股份
SH600743,华远控股
SH600744,华银电力
SH600745,*ST闻泰
SH600746,江苏索普
SH600747,退市大控
SH600748,上实发展
SH600749,西藏旅游
SH600750,华润江中
SH600751,海航科技
SH600752,*ST哈慈
SH600753,*ST海钦
SH600754,锦江酒店
SH600755,厦门国贸
SH600756,浪潮软件
SH600757,长江传媒
SH600758,辽宁能源
SH600759,ST洲际
SH600760,中航沈飞
SH600761,安徽合力
SH600762,S*ST金荔
SH600763,通策医疗
SH600764,中国海防
SH600765,中航重机
SH600766,退市园城
SH600767,退市运盛
SH600768,宁波富邦
SH600769,祥龙电业
SH600770,综艺股份
SH600771,广誉远
SH600772,S*ST龙昌
SH600773,西藏城投
SH600774,汉商集团
SH600775,南京熊猫
SH600776,东方通信
SH600777,*ST新潮
SH600778,友好集团
SH600779,水井坊
SH600780,通宝能源
SH600781,退市辅仁
SH600782,新钢股份
SH600783,鲁信创投
SH600784,鲁银投资
SH600785,新华百货
SH600786,东方锅炉
SH600787,中储股份
SH600788,*ST达曼
SH600789,鲁抗医药
SH600790,轻纺城
SH600791,京能置业
SH600792,云煤能源
SH600793,宜宾纸业
SH600794,保税科技
SH600795,国电电力
SH600796,钱江生化
SH600797,浙大网新
SH600798,宁波海运
SH600799,*ST龙科
SH600800,渤海化学
SH600801,华新建材
SH600802,福建水泥
SH600803,新奥股份
SH600804,退市鹏博
SH600805,悦达投资
SH600806,退市昆机
SH600807,济高发展
SH600808,马钢股份
SH600809,山西汾酒
SH600810,神马股份
SH600811,*ST东方
SH600812,华北制药
SH600813,ST鞍一工
SH600814,杭州解百
SH600815,厦工股份
SH600816,建元信托
SH600817,宇通重工
SH600818,ST中路
SH600819,耀皮玻璃
SH600820,隧道股份
SH600821,金开新能
SH600822,上海物贸
SH600823,*ST世茂
SH600824,益民集团
SH600825,新华传媒
SH600826,兰生股份
SH600827,百联股份
SH600828,茂业商业
SH600829,人民同泰
SH600830,香溢融通
SH600831,广电网络
SH600832,东方明珠
SH600833,第一医药
SH600834,申通地铁
SH600835,上海机电
SH600836,*ST易连
SH600837,海通证券
SH600838,上海九百
SH600839,四川长虹
SH600840,新湖创业
SH600841,动力新科
SH600842,中西药业
SH600843,上工申贝
SH600844,金煤科技
SH600845,宝信软件
SH600846,同济科技
SH600847,万里股份
SH600848,上海临港
SH600849,上药转换
SH600850,电科数字
SH600851,海欣股份
SH600852,*ST中川
SH600853,龙建股份
SH600854,春兰股份
SH600855,航天长峰
SH600856,退市中天
SH600857,宁波中百
SH600858,银座股份
SH600859,王府井
SH600860,京城股份
SH600861,北京人力
SH600862,中航高科
SH600863,华能蒙电
SH600864,哈投股份
SH600865,百大集团
SH600866,星湖科技
SH600867,通化东宝
SH600868,梅雁吉祥
SH600869,远东股份
SH600870,退市厦华
SH600871,石化油服
SH600872,中炬高新
SH600873,梅花生物
SH600874,创业环保
SH600875,东方电气
SH600876,凯盛新能
SH600877,电科芯片
SH600878,*ST北科
SH600879,航天电子
SH600880,博瑞传播
SH600881,亚泰集团
SH600882,妙可蓝多
SH600883,博闻科技
SH600884,杉杉股份
SH600885,宏发股份
SH600886,国投电力
SH600887,伊利股份
SH600888,新疆众和
SH600889,*ST京化
SH600890,退市中房
SH600891,退市秋林
SH600892,*ST大晟
SH600893,航发动力
SH600894,广日股份
SH600895,张江高科
SH600896,退市海医
SH600897,厦门空港
SH600898,*ST美讯
SH600899,*ST信联
SH600900,长江电力
SH600901,江苏金租
SH600903,贵州燃气
SH600905,三峡能源
SH600906,财达证券
SH600908,无锡银行
SH600909,华安证券
SH600916,中国黄金
SH600917,重庆燃气
SH600918,中泰证券
SH600919,江苏银行
SH600925,苏能股份
SH600926,杭州银行
SH600927,永安期货
SH600928,西安银行
SH600929,雪天盐业
SH600930,华电新能
SH600933,爱柯迪
SH600935,华塑股份
SH600936,北投科技
SH600938,中国海油
SH600939,重庆建工
SH600941,中国移动
SH600955,维远股份
SH600956,新天绿能
SH600958,东方证券
SH600959,江苏有线
SH600960,渤海汽车
SH600961,株冶集团
SH600962,国投中鲁
SH600963,岳阳林纸
SH600965,*ST福成
SH600966,博汇纸业
SH600967,内蒙一机
SH600968,海油发展
SH600969,郴电国际
SH600970,中材国际
SH600971,恒源煤电
SH600973,宝胜股份
SH600975,新五丰
SH600976,健民集团
SH600977,中国电影
SH600978,*ST宜生
SH600979,广安爱众
SH600980,北矿科技
SH600981,苏豪汇鸿
SH600982,宁波能源
SH600983,惠而浦
SH600984,建设机械
SH600985,淮北矿业
SH600986,浙文互联
SH600987,航民股份
SH600988,赤峰黄金
SH600989,宝丰能源
SH600990,四创电子
SH600991,广汽长丰
SH600992,贵绳股份
SH600993,马应龙
SH600995,南网储能
SH600996,贵广网络
SH600997,开滦股份
SH600998,九州通
SH600999,招商证券
SH601000,唐山港
SH601001,晋控煤业
SH601002,晋亿实业
SH601003,柳钢股份
SH601005,重庆钢铁
SH601006,大秦铁路
SH601007,金陵饭店
SH601008,连云港
SH601009,南京银行
SH601010,ST文峰
SH601011,宝泰隆
SH601012,隆基绿能
SH601015,陕西黑猫
SH601016,节能风电
SH601018,宁波港
SH601019,山东出版
SH601020,华钰矿业
SH601021,春秋航空
SH601022,宁波远洋
SH601026,道生天合
SH601028,玉龙股份
SH601033,永兴股份
SH601038,一拖股份
SH601058,赛轮轮胎
SH601059,信达证券
SH601061,中信金属
SH601065,江盐集团
SH601066,中信建投
SH601068,中铝国际
SH601069,西部黄金
SH601077,渝农商行
SH601083,锦江航运
SH601086,国芳集团
SH601088,中国神华
SH601089,福元医药
SH601096,宏盛华源
SH601098,中南传媒
SH601099,太平洋
SH601100,恒立液压
SH601101,昊华能源
SH601106,中国一重
SH601107,四川成渝
SH601108,财通证券
SH601111,中国国航
SH601112,振石股份
SH601113,华鼎股份
SH601116,三江购物
SH601117,中国化学
SH601118,海南橡胶
SH601121,宝地矿业
SH601126,四方股份
SH601127,赛力斯
SH601128,常熟银行
SH601133,柏诚股份
SH601136,首创证券
SH601137,博威合金
SH601138,工业富联
SH601139,深圳燃气
SH601155,新城控股
SH601156,东航物流
SH601158,重庆水务
SH601162,天风证券
SH601163,三角轮胎
SH601166,兴业银行
SH601168,西部矿业
SH601169,北京银行
SH601177,杭齿前进
SH601179,中国西电
SH601186,中国铁建
SH601187,厦门银行
SH601188,龙江交通
SH601198,东兴证券
SH601199,江南水务
SH601200,上海环境
SH601208,东材科技
SH601211,国泰海通
SH601212,白银有色
SH601216,君正集团
SH601218,吉鑫科技
SH601222,林洋能源
SH601225,陕西煤业
SH601226,华电科工
SH601228,广州港
SH601229,上海银行
SH601231,环旭电子
SH601233,桐昆股份
SH601236,红塔证券
SH601238,广汽集团
SH601258,*ST庞大
SH601268,*ST二重
SH601279,英利汽车
SH601288,农业银行
SH601298,青岛港
SH601299,中国北车
SH601311,骆驼股份
SH601318,中国平安
SH601319,中国人保
SH601326,秦港股份
SH601328,交通银行
SH601330,绿色动力
SH601333,广深铁路
SH601336,新华保险
SH601339,百隆东方
SH601360,三六零
SH601366,利群股份
SH601368,绿城水务
SH601369,陕鼓动力
SH601375,中原证券
SH601377,兴业证券
SH601388,怡球资源
SH601390,中国中铁
SH601398,工商银行
SH601399,国机重装
SH601456,国联民生
SH601500,通用股份
SH601512,中新集团
SH601515,衢州东峰
SH601518,吉林高速
SH601519,大智慧
SH601528,瑞丰银行
SH601555,东吴证券
SH601558,退市锐电
SH601566,九牧王
SH601567,三星电气
SH601568,北元化工
SH601577,长沙银行
SH601579,会稽山
SH601588,北辰实业
SH601595,上海电影
SH601598,中国外运
SH601599,浙文影业
SH601600,中国铝业
SH601601,中国太保
SH601606,长城军工
SH601607,上海医药
SH601608,中信重工
SH601609,金田股份
SH601611,中国核建
SH601615,明阳智能
SH601616,广电电气
SH601618,中国中冶
SH601619,嘉泽新能
SH601628,中国人寿
SH601633,长城汽车
SH601636,旗滨集团
SH601658,邮储银行
SH601665,齐鲁银行
SH601666,平煤股份
SH601668,中国建筑
SH601669,中国电建
SH601677,明泰铝业
SH601678,滨化股份
SH601686,友发集团
SH601688,华泰证券
SH601689,拓普集团
SH601696,中银证券
SH601698,中国卫通
SH601699,潞安环能
SH601700,风范股份
SH601702,华峰铝业
SH601717,中创智领
SH601718,ST际华
SH601727,上海电气
SH601728,中国电信
SH601766,中国中车
SH601777,千里科技
SH601778,晶科科技
SH601788,光大证券
SH601789,宁波建工
SH601798,蓝科高新
SH601799,星宇股份
SH601800,中国交建
SH601801,皖新传媒
SH601808,中海油服
SH601811,新华文轩
SH601816,京沪高铁
SH601818,光大银行
SH601825,沪农商行
SH601827,三峰环境
SH601828,美凯龙
SH601838,成都银行
SH601857,中国石油
SH601858,中国科传
SH601860,紫金银行
SH601865,福莱特
SH601866,中远海发
SH601868,中国能建
SH601869,长飞光纤
SH601872,招商轮船
SH601877,正泰电器
SH601878,浙商证券
SH601880,辽港股份
SH601881,中国银河
SH601882,海天精工
SH601886,江河集团
SH601888,中国中免
SH601890,亚星锚链
SH601898,中煤能源
SH601899,紫金矿业
SH601900,南方传媒
SH601901,方正证券
SH601908,京运通
SH601916,浙商银行
SH601918,新集能源
SH601919,中远海控
SH601921,浙版传媒
SH601928,凤凰传媒
SH601929,吉视传媒
SH601933,永辉超市
SH601939,建设银行
SH601949,中国出版
SH601952,苏垦农发
SH601956,东贝集团
SH601958,金钼股份
SH601963,重庆银行
SH601965,中国汽研
SH601966,玲珑轮胎
SH601968,宝钢包装
SH601969,海南矿业
SH601975,招商南油
SH601985,中国核电
SH601988,中国银行
SH601989,中国重工
SH601990,南京证券
SH601991,大唐发电
SH601992,金隅集团
SH601995,中金公司
SH601996,丰林集团
SH601997,贵阳银行
SH601998,中信银行
SH601999,出版传媒
SH603000,人民网
SH603001,奥康国际
SH603002,宏昌电子
SH603003,退市龙宇
SH603004,鼎龙科技
SH603005,晶方科技
SH603006,联明股份
SH603007,顺景科技
SH603008,ST喜临门
SH603009,北特科技
SH603010,万盛股份
SH603011,合锻智能
SH603012,创力集团
SH603013,亚普股份
SH603014,威高血净
SH603015,弘讯科技
SH603016,新宏泰
SH603017,中衡设计
SH603018,华设集团
SH603019,中科曙光
SH603020,爱普股份
SH603021,*ST华鹏
SH603022,新通联
SH603023,威帝股份
SH603025,大豪科技
SH603026,石大胜华
SH603027,千禾味业
SH603028,赛福天
SH603029,天鹅股份
SH603030,全筑股份
SH603031,安孚科技
SH603032,德新科技
SH603033,三维股份
SH603035,常熟汽饰
SH603036,如通股份
SH603037,凯众股份
SH603038,华立股份
SH603039,泛微网络
SH603040,新坐标
SH603041,美思德
SH603042,华脉科技
SH603043,广州酒家
SH603045,福达合金
SH603048,浙江黎明
SH603049,中策橡胶
SH603050,科林电气
SH603051,鹿山新材
SH603052,可川科技
SH603053,成都燃气
SH603055,台华新材
SH603056,德邦股份
SH603057,紫燕食品
SH603058,永吉股份
SH603059,倍加洁
SH603060,国检集团
SH603061,金海通
SH603062,麦加芯彩
SH603063,禾望电气
SH603065,宿迁联盛
SH603066,音飞储存
SH603067,振华股份
SH603068,博通集成
SH603069,海汽集团
SH603070,万控智造
SH603071,物产环能
SH603072,天和磁材
SH603073,彩蝶实业
SH603075,热威股份
SH603076,乐惠国际
SH603077,和邦生物
SH603078,江化微
SH603079,圣达生物
SH603080,新疆火炬
SH603081,大丰实业
SH603082,北自科技
SH603083,剑桥科技
SH603085,天成自控
SH603086,先达股份
SH603087,甘李药业
SH603088,宁波精达
SH603089,正裕工业
SH603090,宏盛股份
SH603091,众鑫股份
SH603092,德力佳
SH603093,南华期货
SH603095,越剑智能
SH603096,新经典
SH603097,江苏华辰
SH603098,森特股份
SH603099,长白山
SH603100,川仪股份
SH603101,汇嘉时代
SH603102,百合股份
SH603103,横店影视
SH603105,芯能科技
SH603106,恒银科技
SH603107,上海汽配
SH603108,润达医疗
SH603109,神驰机电
SH603110,东方材料
SH603111,康尼机电
SH603112,华翔股份
SH603113,金能科技
SH603115,海星股份
SH603116,红蜻蜓
SH603117,万林物流
SH603118,共进股份
SH603119,浙江荣泰
SH603120,肯特催化
SH603121,华培动力
SH603122,合富中国
SH603123,翠微股份
SH603124,江南新材
SH603125,常青科技
SH603126,中材节能
SH603127,昭衍新药
SH603128,华贸物流
SH603129,春风动力
SH603130,云中马
SH603131,上海沪工
SH603132,金徽股份
SH603133,退市碳元
SH603135,中重科技
SH603136,天目湖
SH603137,恒尚节能
SH603138,海量数据
SH603139,康惠股份
SH603150,万朗磁塑
SH603151,邦基科技
SH603153,上海建科
SH603155,新亚强
SH603156,养元饮品
SH603157,退市拉夏
SH603158,腾龙股份
SH603159,上海亚虹
SH603160,汇顶科技
SH603161,科华控股
SH603162,海通发展
SH603163,圣晖集成
SH603165,荣晟环保
SH603166,福达股份
SH603167,渤海轮渡
SH603168,莎普爱思
SH603169,兰石重装
SH603170,宝立食品
SH603171,税友股份
SH603172,万丰股份
SH603173,福斯达
SH603175,超颖电子
SH603176,汇通集团
SH603177,德创环保
SH603178,圣龙股份
SH603179,新泉股份
SH603180,金牌家居
SH603181,皇马科技
SH603182,嘉华股份
SH603183,建研院
SH603185,弘元绿能
SH603186,华正新材
SH603187,海容冷链
SH603188,亚邦股份
SH603189,*ST网达
SH603190,亚通精工
SH603191,望变电气
SH603192,汇得科技
SH603193,润本股份
SH603194,中力股份
SH603195,公牛集团
SH603196,璞源材料
SH603197,保隆科技
SH603198,迎驾贡酒
SH603199,九华旅游
SH603200,上海洗霸
SH603201,常润股份
SH603202,天有为
SH603203,快克智能
SH603205,健尔康
SH603206,嘉环科技
SH603207,小方制药
SH603208,江山欧派
SH603209,兴通股份
SH603210,泰鸿万立
SH603211,晋拓股份
SH603212,赛伍技术
SH603213,镇洋发展
SH603214,爱婴室
SH603215,比依股份
SH603216,梦天家居
SH603217,元利科技
SH603218,日月股份
SH603219,富佳股份
SH603220,中贝通信
SH603221,爱丽家居
SH603222,济民健康
SH603223,恒通股份
SH603225,新凤鸣
SH603226,菲林格尔
SH603227,雪峰科技
SH603228,景旺电子
SH603229,奥翔药业
SH603230,内蒙新华
SH603231,索宝蛋白
SH603232,格尔软件
SH603233,大参林
SH603235,天新药业
SH603236,移远通信
SH603237,五芳斋
SH603238,诺邦股份
SH603239,浙江仙通
SH603248,锡华科技
SH603255,鼎际得
SH603256,宏和科技
SH603257,中国瑞林
SH603258,电魂网络
SH603259,药明康德
SH603260,合盛硅业
SH603261,*ST立航
SH603262,技源集团
SH603266,天龙股份
SH603267,鸿远电子
SH603268,松发股份
SH603269,海鸥股份
SH603270,金帝股份
SH603271,永杰新材
SH603272,*ST联翔
SH603273,天元智能
SH603275,众辰科技
SH603276,恒兴新材
SH603277,银都股份
SH603278,大业股份
SH603279,景津装备
SH603280,南方路机
SH603281,江瀚新材
SH603282,亚光股份
SH603283,赛腾股份
SH603284,林平发展
SH603285,键邦股份
SH603286,日盈电子
SH603288,海天味业
SH603289,泰瑞机器
SH603290,斯达半导
SH603291,联合水务
SH603293,埃泰克
SH603296,华勤技术
SH603297,永新光学
SH603298,杭叉集团
SH603299,苏盐井神
SH603300,海南华铁
SH603301,振德医疗
SH603303,得邦照明
SH603305,旭升集团
SH603306,华懋科技
SH603307,扬州金泉
SH603308,应流股份
SH603309,维力医疗
SH603310,巍华新材
SH603311,金海高科
SH603312,西典新能
SH603313,梦百合
SH603315,福鞍股份
SH603316,诚邦股份
SH603317,天味食品
SH603318,水发燃气
SH603319,美湖股份
SH603320,迪贝电气
SH603321,梅轮电梯
SH603322,超讯通信
SH603323,苏农银行
SH603324,盛剑科技
SH603325,博隆技术
SH603326,我乐家居
SH603327,福蓉科技
SH603328,依顿电子
SH603329,上海雅仕
SH603330,天洋新材
SH603331,百达精工
SH603332,苏州龙杰
SH603333,尚纬股份
SH603334,丰倍生物
SH603335,迪生力
SH603336,宏辉果蔬
SH603337,杰克科技
SH603338,浙江鼎力
SH603339,四方科技
SH603341,龙旗科技
SH603344,星德胜
SH603345,安井食品
SH603348,文灿股份
SH603350,安乃达
SH603351,威尔药业
SH603352,至信股份
SH603353,和顺石油
SH603355,莱克电气
SH603356,华菱精工
SH603357,设计总院
SH603358,华达科技
SH603359,*ST东珠
SH603360,百傲化学
SH603363,傲农生物
SH603365,水星家纺
SH603366,日出东方
SH603367,辰欣药业
SH603368,柳药集团
SH603369,今世缘
SH603370,华新精科
SH603373,安邦护卫
SH603375,盛景微
SH603376,大明电子
SH603377,ST东时
SH603378,*ST亚士
SH603379,三美股份
SH603380,易德龙
SH603381,永臻股份
SH603382,海阳科技
SH603383,顶点软件
SH603385,惠达卫浴
SH603386,骏亚科技
SH603387,基蛋生物
SH603388,*ST元成
SH603389,*ST亚振
SH603390,通达电气
SH603391,力聚热能
SH603392,万泰生物
SH603393,新天然气
SH603395,红四方
SH603396,金辰股份
SH603398,*ST沐邦
SH603399,永杉锂业
SH603400,华之杰
SH603402,陕西旅游
SH603406,天富龙
SH603407,长裕集团
SH603408,建霖家居
SH603409,汇通控股
SH603416,信捷电气
SH603418,友升股份
SH603421,鼎信通讯
SH603429,*ST集友
SH603439,三力制药
SH603444,吉比特
SH603456,九洲药业
SH603458,勘设股份
SH603459,红板科技
SH603466,风语筑
SH603477,巨星农牧
SH603486,科沃斯
SH603488,展鹏科技
SH603489,八方股份
SH603496,恒为科技
SH603499,翔港科技
SH603500,祥和实业
SH603501,豪威集团
SH603505,金石资源
SH603506,南都物业
SH603507,振江股份
SH603508,思维列控
SH603511,爱慕股份
SH603515,欧普照明
SH603516,淳中科技
SH603517,ST绝味
SH603518,锦泓集团
SH603519,立霸股份
SH603520,司太立
SH603527,众源新材
SH603528,多伦科技
SH603529,爱玛科技
SH603530,神马电力
SH603533,掌阅科技
SH603535,嘉诚国际
SH603536,惠发食品
SH603538,美诺华
SH603551,奥普科技
SH603555,ST贵人
SH603556,海兴电力
SH603557,*ST起步
SH603558,健盛集团
SH603559,ST通脉
SH603565,中谷物流
SH603566,普莱柯
SH603567,珍宝岛
SH603568,伟明环保
SH603569,长久物流
SH603577,汇金通
SH603578,三星新材
SH603579,荣泰健康
SH603580,*ST艾艾
SH603583,捷昌驱动
SH603585,苏利股份
SH603586,金麒麟
SH603587,地素时尚
SH603588,高能环境
SH603589,口子窖
SH603590,康辰药业
SH603595,ST东尼
SH603596,伯特利
SH603598,引力传媒
SH603599,广信股份
SH603600,永艺股份
SH603601,再升科技
SH603602,纵横通信
SH603603,退市博天
SH603605,珀莱雅
SH603606,东方电缆
SH603607,京华激光
SH603608,天创时尚
SH603609,禾丰股份
SH603610,麒盛科技
SH603611,诺力股份
SH603612,索通发展
SH603613,国联股份
SH603615,茶花股份
SH603616,韩建河山
SH603617,君禾股份
SH603618,杭电股份
SH603619,中曼石油
SH603626,科森科技
SH603628,清源股份
SH603629,利通电子
SH603630,拉芳家化
SH603633,徕木股份
SH603636,南威软件
SH603637,镇海股份
SH603638,艾迪精密
SH603639,海利尔
SH603648,畅联股份
SH603650,彤程新材
SH603655,朗博科技
SH603656,泰禾智能
SH603657,春光科技
SH603658,安图生物
SH603659,璞泰来
SH603660,苏州科达
SH603661,恒林股份
SH603662,柯力传感
SH603663,三祥新材
SH603665,康隆达
SH603666,亿嘉和
SH603667,五洲新春
SH603668,天马科技
SH603669,灵康药业
SH603676,卫信康
SH603677,奇精机械
SH603678,火炬电子
SH603679,华体科技
SH603680,今创集团
SH603681,永冠新材
SH603682,锦和商管
SH603683,晶华新材
SH603685,晨丰科技
SH603686,福龙马
SH603687,大胜达
SH603688,石英股份
SH603689,皖天然气
SH603690,至纯科技
SH603693,江苏新能
SH603696,安记食品
SH603697,有友食品
SH603698,航天工程
SH603699,纽威股份
SH603700,宁水集团
SH603701,德宏股份
SH603703,盛洋科技
SH603706,东方环宇
SH603707,健友股份
SH603708,家家悦
SH603709,中源家居
SH603711,香飘飘
SH603712,七一二
SH603713,密尔克卫
SH603716,塞力医疗
SH603717,天域生物
SH603718,*ST海利
SH603719,良品铺子
SH603721,*ST天择
SH603722,阿科力
SH603725,天安新材
SH603726,朗迪集团
SH603727,博迈科
SH603728,鸣志电器
SH603729,ST龙韵
SH603730,岱美股份
SH603733,仙鹤股份
SH603737,三棵树
SH603738,泰晶科技
SH603739,蔚蓝生物
SH603755,日辰股份
SH603757,大元泵业
SH603758,秦安股份
SH603759,海天股份
SH603766,隆鑫通用
SH603767,中马传动
SH603768,常青股份
SH603773,沃格光电
SH603776,永安行
SH603777,来伊份
SH603778,国晟科技
SH603779,威龙股份
SH603786,科博达
SH603787,新日股份
SH603788,宁波高发
SH603789,*ST星农
SH603790,雅运股份
SH603797,联泰环保
SH603798,康普顿
SH603799,华友钴业
SH603800,洪田股份
SH603801,志邦家居
SH603803,瑞斯康达
SH603806,福斯特
SH603808,歌力思
SH603809,豪能股份
SH603810,丰山集团
SH603811,诚意药业
SH603813,*ST原尚
SH603815,交建股份
SH603816,顾家家居
SH603817,海峡环保
SH603818,曲美家居
SH603819,神力股份
SH603822,ST嘉澳
SH603823,百合花
SH603825,ST华扬
SH603826,坤彩科技
SH603828,*ST利达
SH603829,洛凯股份
SH603833,欧派家居
SH603836,海程邦达
SH603838,*ST四通
SH603839,安正时尚
SH603843,*ST正平
SH603848,好太太
SH603855,华荣股份
SH603856,东宏股份
SH603858,步长制药
SH603859,能科科技
SH603860,中公高科
SH603861,白云电器
SH603863,松炀资源
SH603866,桃李面包
SH603867,新化股份
SH603868,飞科电器
SH603869,ST智知
SH603871,嘉友国际
SH603876,鼎胜新材
SH603877,太平鸟
SH603878,武进不锈
SH603879,永悦科技
SH603880,南卫股份
SH603881,数据港
SH603882,金域医学
SH603883,老百姓
SH603885,吉祥航空
SH603886,元祖股份
SH603887,城地香江
SH603888,新华网
SH603889,新澳股份
SH603890,春秋电子
SH603893,瑞芯微
SH603895,天永智能
SH603896,寿仙谷
SH603897,长城科技
SH603898,好莱客
SH603899,晨光股份
SH603900,莱绅通灵
SH603901,永创智能
SH603903,中持股份
SH603906,龙蟠科技
SH603908,牧高笛
SH603909,建发合诚
SH603912,佳力图
SH603915,国茂股份
SH603916,苏博特
SH603917,合力科技
SH603918,金桥信息
SH603919,金徽酒
SH603920,世运电路
SH603922,ST金鸿顺
SH603926,铁流股份
SH603927,中科软
SH603928,兴业股份
SH603929,亚翔集成
SH603931,格林达
SH603933,睿能科技
SH603936,博敏电子
SH603937,丽岛新材
SH603938,三孚股份
SH603939,益丰药房
SH603948,建业股份
SH603949,雪龙集团
SH603950,长源东谷
SH603955,大千生态
SH603956,威派格
SH603958,哈森股份
SH603959,ST百利
SH603960,克来机电
SH603963,*ST大药
SH603966,法兰泰克
SH603967,中创物流
SH603968,醋化股份
SH603969,银龙股份
SH603970,中农立华
SH603976,正川股份
SH603977,国泰集团
SH603978,深圳新星
SH603979,金诚信
SH603980,吉华集团
SH603982,泉峰汽车
SH603983,丸美生物
SH603985,恒润股份
SH603986,兆易创新
SH603987,康德莱
SH603988,中电电机
SH603989,艾华集团
SH603990,麦迪科技
SH603991,至正股份
SH603992,松霖科技
SH603993,洛阳钼业
SH603995,甬金股份
SH603996,退市中新
SH603997,继峰股份
SH603998,方盛制药
SH603999,读者传媒
SH605001,威奥股份
SH605003,众望布艺
SH605005,合兴股份
SH605006,山东玻纤
SH605007,五洲特纸
SH605008,长鸿高科
SH605009,豪悦护理
SH605011,杭州热电
SH605016,百龙创园
SH605018,长华集团
SH605020,永和股份
SH605028,世茂能源
SH605033,美邦股份
SH605050,福然德
SH605055,迎丰股份
SH605056,咸亨国际
SH605058,澳弘电子
SH605060,联德股份
SH605066,天正电气
SH605068,明新旭腾
SH605069,正和生态
SH605077,华康股份
SH605080,浙江自然
SH605081,*ST太和
SH605086,龙高股份
SH605088,冠盛股份
SH605089,味知香
SH605090,九丰能源
SH605098,行动教育
SH605099,共创草坪
SH605100,华丰股份
SH605108,同庆楼
SH605111,新洁能
SH605116,奥锐特
SH605117,德业股份
SH605118,力鼎光电
SH605122,四方新材
SH605123,派克新材
SH605128,上海沿浦
SH605133,嵘泰股份
SH605136,丽人丽妆
SH605138,盛泰集团
SH605151,西上海
SH605155,西大门
SH605158,华达新材
SH605162,新中港
SH605166,聚合顺
SH605167,利柏特
SH605168,三人行
SH605169,洪通燃气
SH605177,东亚药业
SH605178,时空科技
SH605179,一鸣食品
SH605180,华生科技
SH605183,确成股份
SH605186,健麾信息
SH605188,国光连锁
SH605189,富春染织
SH605196,华通线缆
SH605198,安德利
SH605199,ST葫芦娃
SH605208,永茂泰
SH605218,伟时电子
SH605222,起帆电缆
SH605228,神通科技
SH605255,天普股份
SH605258,协和电子
SH605259,绿田机械
SH605266,健之佳
SH605268,王力安防
SH605277,新亚电子
SH605286,同力天启
SH605287,德才股份
SH605288,凯迪股份
SH605289,罗曼股份
SH605296,神农集团
SH605298,必得科技
SH605299,舒华体育
SH605300,佳禾食品
SH605303,园林股份
SH605305,中际联合
SH605318,法狮龙
SH605319,无锡振华
SH605333,沪光股份
SH605336,*ST帅电
SH605337,李子园
SH605338,巴比食品
SH605339,南侨食品
SH605358,立昂微
SH605365,立达信
SH605366,宏柏新材
SH605368,蓝天燃气
SH605369,拱东医疗
SH605376,博迁新材
SH605377,华旺科技
SH605378,野马电池
SH605388,均瑶健康
SH605389,长龄液压
SH605398,新炬网络
SH605399,晨光新材
SH605488,福莱新材
SH605499,东鹏饮料
SH605500,森林包装
SH605507,国邦医药
SH605555,德昌股份
SH605566,福莱蒽特
SH605567,春雪食品
SH605577,龙版传媒
SH605580,恒盛能源
SH605588,冠石科技
SH605589,圣泉集团
SH605598,上海港湾
SH605599,菜百股份
SH688001,华兴源创
SH688002,睿创微纳
SH688003,天准科技
SH688004,博汇科技
SH688005,容百科技
SH688006,杭可科技
SH688007,光峰科技
SH688008,澜起科技
SH688009,中国通号
SH688010,福光股份
SH688011,新光光电
SH688012,中微公司
SH688013,天臣医疗
SH688015,交控科技
SH688016,心脉医疗
SH688017,绿的谐波
SH688018,乐鑫科技
SH688019,安集科技
SH688020,方邦股份
SH688021,奥福科技
SH688022,ST瀚川
SH688023,安恒信息
SH688025,杰普特
SH688026,洁特生物
SH688027,国盾量子
SH688028,沃尔德
SH688029,南微医学
SH688030,山石网科
SH688031,星环科技
SH688032,禾迈股份
SH688033,*ST天宜
SH688035,德邦科技
SH688036,传音控股
SH688037,芯源微
SH688038,中科通达
SH688039,当虹科技
SH688041,海光信息
SH688045,必易微
SH688046,药康生物
SH688047,龙芯中科
SH688048,长光华芯
SH688049,炬芯科技
SH688050,爱博医疗
SH688051,佳华科技
SH688052,纳芯微
SH688053,ST思科瑞
SH688055,龙腾光电
SH688056,莱伯泰科
SH688057,金达莱
SH688058,宝兰德
SH688059,华锐精密
SH688060,云涌科技
SH688061,灿瑞科技
SH688062,迈威生物
SH688063,派能科技
SH688065,凯赛生物
SH688066,*ST航图
SH688067,爱威科技
SH688068,热景生物
SH688069,德林海
SH688070,纵横股份
SH688071,华依科技
SH688072,拓荆科技
SH688073,毕得医药
SH688075,安旭生物
SH688076,ST诺泰
SH688077,大地熊
SH688078,龙软科技
SH688079,美迪凯
SH688080,映翰通
SH688081,兴图新科
SH688082,盛美上海
SH688083,中望软件
SH688084,晶品特装
SH688085,三友医疗
SH688086,退市紫晶
SH688087,英科再生
SH688088,虹软科技
SH688089,嘉必优
SH688090,瑞松科技
SH688091,上海谊众
SH688092,爱科科技
SH688093,世华科技
SH688095,福昕软件
SH688096,京源环保
SH688097,博众精工
SH688098,申联生物
SH688099,晶晨股份
SH688100,威胜信息
SH688101,三达膜
SH688102,斯瑞新材
SH688103,国力电子
SH688105,诺唯赞
SH688106,金宏气体
SH688107,安路科技
SH688108,赛诺医疗
SH688109,品茗科技
SH688110,东芯股份
SH688111,金山办公
SH688112,鼎阳科技
SH688113,联测科技
SH688114,华大智造
SH688115,思林杰
SH688116,天奈科技
SH688117,圣诺生物
SH688118,普元信息
SH688119,中钢洛耐
SH688120,华海清科
SH688121,卓然股份
SH688122,西部超导
SH688123,聚辰股份
SH688125,安达智能
SH688126,沪硅产业
SH688127,蓝特光学
SH688128,中国电研
SH688129,东来技术
SH688130,晶华微
SH688131,皓元医药
SH688132,邦彦技术
SH688133,泰坦科技
SH688135,利扬芯片
SH688136,科兴制药
SH688137,近岸蛋白
SH688138,清溢光电
SH688139,海尔生物
SH688141,杰华特
SH688143,长盈通
SH688146,中船特气
SH688147,微导纳米
SH688148,芳源股份
SH688150,莱特光电
SH688151,华强科技
SH688152,麒麟信安
SH688153,唯捷创芯
SH688155,先惠技术
SH688156,路德科技
SH688157,松井股份
SH688158,优刻得
SH688159,有方科技
SH688160,步科股份
SH688161,威高骨科
SH688162,巨一科技
SH688163,赛伦生物
SH688165,埃夫特
SH688166,博瑞医药
SH688167,炬光科技
SH688168,安博通
SH688169,石头科技
SH688170,德龙激光
SH688171,纬德信息
SH688172,燕东微
SH688173,希荻微
SH688175,高凌信息
SH688176,亚虹医药
SH688177,百奥泰
SH688178,万德斯
SH688179,阿拉丁
SH688180,君实生物
SH688181,八亿时空
SH688182,灿勤科技
SH688183,生益电子
SH688184,ST帕瓦
SH688185,康希诺
SH688186,广大特材
SH688187,时代电气
SH688188,柏楚电子
SH688189,南新制药
SH688190,云路股份
SH688191,智洋创新
SH688192,迪哲医药
SH688193,仁度生物
SH688195,腾景科技
SH688196,卓越新能
SH688197,首药控股
SH688198,佰仁医疗
SH688199,久日新材
SH688200,华峰测控
SH688201,ST信安
SH688202,美迪西
SH688203,海正生材
SH688205,德科立
SH688206,概伦电子
SH688207,格灵深瞳
SH688208,道通科技
SH688209,英集芯
SH688210,统联精密
SH688211,中科微至
SH688212,澳华内镜
SH688213,思特威
SH688215,瑞晟智能
SH688216,气派科技
SH688217,睿昂基因
SH688218,江苏北人
SH688219,会通股份
SH688220,翱捷科技
SH688221,前沿生物
SH688222,成都先导
SH688223,晶科能源
SH688225,亚信安全
SH688226,威腾电气
SH688227,品高股份
SH688228,开普云
SH688229,博睿数据
SH688230,芯导科技
SH688231,隆达股份
SH688232,新点软件
SH688233,神工股份
SH688234,天岳先进
SH688235,百济神州
SH688236,春立医疗
SH688237,超卓航科
SH688238,和元生物
SH688239,航宇科技
SH688244,永信至诚
SH688246,嘉和美康
SH688247,宣泰医药
SH688248,南网科技
SH688249,晶合集成
SH688251,井松智能
SH688252,天德钰
SH688253,英诺特
SH688255,凯尔达
SH688256,寒武纪
SH688257,新锐股份
SH688258,卓易信息
SH688259,创耀科技
SH688260,昀冢科技
SH688261,东微半导
SH688262,国芯科技
SH688265,南模生物
SH688266,泽璟制药
SH688267,中触媒
SH688268,华特气体
SH688269,凯立新材
SH688270,ST臻镭
SH688271,联影医疗
SH688272,富吉瑞
SH688273,麦澜德
SH688275,万润新能
SH688276,百克生物
SH688277,天智航
SH688278,特宝生物
SH688279,峰岹科技
SH688280,精进电动
SH688281,华秦科技
SH688282,理工导航
SH688283,坤恒顺维
SH688285,高铁电气
SH688286,敏芯股份
SH688287,*ST观典
SH688288,鸿泉技术
SH688289,圣湘生物
SH688290,景业智能
SH688291,金橙子
SH688292,浩瀚深度
SH688293,奥浦迈
SH688295,中复神鹰
SH688296,和达科技
SH688297,中无人机
SH688298,东方生物
SH688299,长阳科技
SH688300,联瑞新材
SH688301,奕瑞科技
SH688302,海创药业
SH688303,大全能源
SH688305,科德数控
SH688306,均普智能
SH688307,中润光学
SH688308,欧科亿
SH688309,恒誉环保
SH688310,迈得医疗
SH688311,盟升电子
SH688312,燕麦科技
SH688313,仕佳光子
SH688314,康拓医疗
SH688315,诺禾致源
SH688316,青云科技
SH688317,之江生物
SH688318,财富趋势
SH688319,欧林生物
SH688320,禾川科技
SH688321,微芯生物
SH688322,奥比中光
SH688323,瑞华泰
SH688325,赛微微电
SH688326,经纬恒润
SH688327,云从科技
SH688328,深科达
SH688329,艾隆科技
SH688330,宏力达
SH688331,荣昌生物
SH688332,中科蓝讯
SH688333,铂力特
SH688334,西高院
SH688335,复洁科技
SH688336,三生国健
SH688337,普源精电
SH688338,赛科希德
SH688339,亿华通
SH688343,云天励飞
SH688345,博力威
SH688347,华虹公司
SH688348,昱能科技
SH688349,三一重能
SH688350,富淼科技
SH688351,微电生理
SH688352,颀中科技
SH688353,华盛锂电
SH688355,明志科技
SH688356,键凯科技
SH688357,建龙微纳
SH688358,祥生医疗
SH688359,三孚新科
SH688360,德马科技
SH688361,中科飞测
SH688362,甬矽电子
SH688363,华熙生物
SH688365,光云科技
SH688366,昊海生科
SH688367,工大高科
SH688368,晶丰明源
SH688369,致远互联
SH688370,丛麟科技
SH688371,菲沃泰
SH688372,伟测科技
SH688373,盟科药业
SH688375,国博电子
SH688376,美埃科技
SH688377,迪威尔
SH688378,奥来德
SH688379,华光新材
SH688380,中微半导
SH688381,帝奥微
SH688382,益方生物
SH688383,新益昌
SH688385,复旦微电
SH688386,泛亚微透
SH688387,信科移动
SH688388,嘉元科技
SH688389,普门科技
SH688390,固德威
SH688391,钜泉科技
SH688392,骄成超声
SH688393,安必平
SH688395,正弦电气
SH688396,华润微
SH688398,赛特新材
SH688399,硕世生物
SH688400,凌云光
SH688401,路维光电
SH688403,汇成股份
SH688408,中信博
SH688409,富创精密
SH688410,山外山
SH688411,海博思创
SH688416,恒烁股份
SH688418,震有科技
SH688419,耐科装备
SH688420,美腾科技
SH688425,铁建重工
SH688426,康为世纪
SH688428,诺诚健华
SH688429,时创能源
SH688432,有研硅
SH688433,华曙高科
SH688435,英方软件
SH688439,振华风光
SH688443,智翔金泰
SH688448,磁谷科技
SH688449,联芸科技
SH688450,光格科技
SH688455,科捷智能
SH688456,有研粉材
SH688458,美芯晟
SH688459,哈铁科技
SH688466,金科环境
SH688468,科美诊断
SH688469,芯联集成
SH688472,阿特斯
SH688475,萤石网络
SH688478,晶升股份
SH688479,友车科技
SH688480,赛恩斯
SH688484,南芯科技
SH688485,九州一轨
SH688486,龙迅股份
SH688488,艾迪药业
SH688489,三未信安
SH688496,*ST清越
SH688498,源杰科技
SH688499,利元亨
SH688500,慧辰股份
SH688501,青达环保
SH688502,茂莱光学
SH688503,聚和材料
SH688505,复旦张江
SH688506,百利天恒
SH688507,索辰科技
SH688508,芯朋微
SH688509,正元地信
SH688510,航亚科技
SH688511,天微电子
SH688512,慧智微
SH688513,苑东生物
SH688515,裕太微
SH688516,奥特维
SH688517,金冠电气
SH688518,联赢激光
SH688519,南亚新材
SH688520,神州细胞
SH688521,芯原股份
SH688522,纳睿雷达
SH688523,航天环宇
SH688525,佰维存储
SH688526,科前生物
SH688528,秦川物联
SH688529,豪森智能
SH688530,欧莱新材
SH688531,日联科技
SH688533,上声电子
SH688535,华海诚科
SH688536,思瑞浦
SH688538,和辉光电
SH688539,高华科技
SH688543,国科军工
SH688545,兴福电子
SH688548,广钢气体
SH688549,中巨芯
SH688550,瑞联新材
SH688551,科威尔
SH688552,航天南湖
SH688553,汇宇制药
SH688555,退市泽达
SH688556,高测股份
SH688557,兰剑智能
SH688558,国盛智科
SH688559,海目星
SH688560,明冠新材
SH688561,奇安信
SH688562,航天软件
SH688563,航材股份
SH688565,力源科技
SH688566,吉贝尔
SH688567,孚能科技
SH688568,中科星图
SH688569,铁科轨道
SH688570,天玛智控
SH688571,杭华股份
SH688573,信宇人
SH688575,亚辉龙
SH688576,西山科技
SH688577,浙海德曼
SH688578,艾力斯
SH688579,地纬智能
SH688580,伟思医疗
SH688581,安杰思
SH688582,芯动联科
SH688583,思看科技
SH688584,上海合晶
SH688585,上纬新材
SH688586,江航装备
SH688588,凌志软件
SH688589,力合微
SH688590,新致软件
SH688591,泰凌微
SH688592,司南导航
SH688593,新相微
SH688595,芯海科技
SH688596,正帆科技
SH688597,煜邦电力
SH688598,金博股份
SH688599,天合光能
SH688600,皖仪科技
SH688601,力芯微
SH688602,康鹏科技
SH688603,天承科技
SH688605,先锋精科
SH688606,奥泰生物
SH688607,康众医疗
SH688608,恒玄科技
SH688609,九联科技
SH688610,埃科光电
SH688611,杭州柯林
SH688612,威迈斯
SH688613,奥精医疗
SH688615,合合信息
SH688616,西力科技
SH688617,惠泰医疗
SH688618,三旺通信
SH688619,罗普特
SH688620,安凯微
SH688621,阳光诺和
SH688622,*ST禾信
SH688623,双元科技
SH688625,呈和科技
SH688626,翔宇医疗
SH688627,精智达
SH688628,优利德
SH688629,华丰科技
SH688630,芯碁微装
SH688631,莱斯信息
SH688633,星球石墨
SH688636,智明达
SH688638,誉辰智能
SH688639,华恒生物
SH688646,ST逸飞
SH688648,中邮科技
SH688651,盛邦安全
SH688652,京仪装备
SH688653,康希通信
SH688655,迅捷兴
SH688656,浩欧博
SH688657,浩辰软件
SH688658,悦康药业
SH688659,元琛科技
SH688660,电气风电
SH688661,和林微纳
SH688662,富信科技
SH688663,新风光
SH688665,四方光电
SH688667,菱电电控
SH688668,鼎通科技
SH688669,聚石化学
SH688670,金迪克
SH688671,碧兴物联
SH688676,金盘科技
SH688677,海泰新光
SH688678,福立旺
SH688679,通源环境
SH688680,海优新材
SH688681,科汇股份
SH688682,霍莱沃
SH688683,莱尔科技
SH688685,迈信林
SH688686,奥普特
SH688687,凯因科技
SH688689,银河微电
SH688690,纳微科技
SH688691,灿芯股份
SH688692,达梦数据
SH688693,锴威特
SH688695,中创股份
SH688696,极米科技
SH688697,纽威数控
SH688698,伟创电气
SH688699,明微电子
SH688700,东威科技
SH688701,卓锦股份
SH688702,盛科通信
SH688707,振华新材
SH688708,佳驰科技
SH688709,成都华微
SH688710,益诺思
SH688711,宏微科技
SH688712,北芯生命
SH688716,中研股份
SH688717,艾罗能源
SH688718,唯赛勃
SH688719,爱科赛博
SH688720,艾森股份
SH688721,龙图光罩
SH688722,同益中
SH688726,拉普拉斯
SH688727,恒坤新材
SH688728,格科微
SH688729,屹唐股份
SH688733,壹石通
SH688737,中自科技
SH688739,成大生物
SH688750,金天钛业
SH688755,汉邦科技
SH688757,胜科纳米
SH688758,赛分科技
SH688759,必贝特
SH688765,禾元生物
SH688766,普冉股份
SH688767,博拓生物
SH688768,容知日新
SH688772,珠海冠宇
SH688775,影石创新
SH688776,国光电气
SH688777,中控技术
SH688778,厦钨新能
SH688779,五矿新能
SH688781,视涯科技
SH688783,西安奕材
SH688785,恒运昌
SH688786,悦安新材
SH688787,海天瑞声
SH688788,科思科技
SH688789,宏华数科
SH688790,昂瑞微
SH688793,倍轻松
SH688795,摩尔线程
SH688796,百奥赛图
SH688798,艾为电子
SH688799,华纳药厂
SH688800,瑞可达
SH688802,沐曦股份
SH688805,健信超导
SH688807,优迅股份
SH688808,联讯仪器
SH688809,强一股份
SH688811,有研复材
SH688813,泰金新能
SH688816,易思维
SH688818,电科蓝天
SH688819,天能股份
SH688820,盛合晶微
SH688981,中芯国际
SH689009,九号公司
SZ000001,平安银行
SZ000002,万科A
SZ000003,PT金田A
SZ000004,*ST国华
SZ000005,ST星源
SZ000006,深振业A
SZ000007,全新好
SZ000008,神州高铁
SZ000009,中国宝安
SZ000010,*ST美丽
SZ000011,深物业A
SZ000012,南玻A
SZ000013,*ST石化A
SZ000014,沙河股份
SZ000015,PT中浩A
SZ000016,*ST康佳A
SZ000017,深中华A
SZ000018,神城A退
SZ000019,深粮控股
SZ000020,深华发A
SZ000021,深科技
SZ000022,深赤湾A
SZ000023,*ST深天
SZ000024,招商地产
SZ000025,特力A
SZ000026,飞亚达
SZ000027,深圳能源
SZ000028,国药一致
SZ000029,深深房A
SZ000030,富奥股份
SZ000031,大悦城
SZ000032,深桑达A
SZ000033,新都退
SZ000034,神州数码
SZ000035,中国天楹
SZ000036,华联控股
SZ000037,深南电A
SZ000038,大通退
SZ000039,中集集团
SZ000040,*ST旭蓝
SZ000042,中洲控股
SZ000043,中航善达
SZ000045,深纺织A
SZ000046,*ST泛海
SZ000047,ST中侨
SZ000048,京基智农
SZ000049,德赛电池
SZ000050,深天马A
SZ000055,方大集团
SZ000056,*ST皇庭
SZ000058,深赛格
SZ000059,华锦股份
SZ000060,中金岭南
SZ000061,农产品
SZ000062,深圳华强
SZ000063,中兴通讯
SZ000065,北方国际
SZ000066,中国长城
SZ000068,华控赛格
SZ000069,华侨城A
SZ000070,特发信息
SZ000078,ST海王
SZ000088,盐田港
SZ000089,深圳机场
SZ000090,天健集团
SZ000096,广聚能源
SZ000099,中信海直
SZ000100,TCL科技
SZ000150,*ST宜康
SZ000151,中成股份
SZ000153,丰原药业
SZ000155,川能动力
SZ000156,华数传媒
SZ000157,中联重科
SZ000158,常山北明
SZ000159,国际实业
SZ000166,申万宏源
SZ000301,东方盛虹
SZ000333,美的集团
SZ000338,潍柴动力
SZ000400,许继电气
SZ000401,金隅冀东
SZ000402,金融街
SZ000403,派林生物
SZ000404,长虹华意
SZ000405,ST鑫光
SZ000406,石油大明
SZ000407,胜利股份
SZ000408,藏格矿业
SZ000409,云鼎科技
SZ000410,沈阳机床
SZ000411,英特集团
SZ000412,ST五环
SZ000413,ST旭电
SZ000415,渤海租赁
SZ000416,*ST民控
SZ000417,合百集团
SZ000418,小天鹅A
SZ000419,通程控股
SZ000420,吉林化纤
SZ000421,南京公用
SZ000422,湖北宜化
SZ000423,东阿阿胶
SZ000425,徐工机械
SZ000426,兴业银锡
SZ000428,华天酒店
SZ000429,粤高速A
SZ000430,ST张家界
SZ000488,ST晨鸣
SZ000498,山东路桥
SZ000501,武商集团
SZ000502,绿景退
SZ000503,国新健康
SZ000504,*ST生物
SZ000505,京粮控股
SZ000506,招金黄金
SZ000507,珠海港
SZ000508,琼民源A
SZ000509,华塑控股
SZ000510,新金路
SZ000511,烯碳退
SZ000513,丽珠集团
SZ000514,渝开发
SZ000515,攀渝钛业
SZ000516,国际医学
SZ000517,荣安地产
SZ000518,*ST四环
SZ000519,中兵红箭
SZ000520,凤凰航运
SZ000521,长虹美菱
SZ000522,白云山A
SZ000523,红棉股份
SZ000524,岭南控股
SZ000525,红太阳
SZ000526,学大教育
SZ000527,美的电器
SZ000528,柳工
SZ000529,广弘控股
SZ000530,冰山冷热
SZ000531,穗恒运A
SZ000532,华金资本
SZ000533,顺钠股份
SZ000534,万泽股份
SZ000535,*ST猴王
SZ000536,华映科技
SZ000537,绿发电力
SZ000538,云南白药
SZ000539,粤电力A
SZ000540,*ST中天
SZ000541,佛山照明
SZ000542,TCL通讯
SZ000543,皖能电力
SZ000544,中原环保
SZ000545,金浦钛业
SZ000546,金圆股份
SZ000547,航天发展
SZ000548,湖南投资
SZ000549,S湘火炬
SZ000550,江铃汽车
SZ000551,创元科技
SZ000552,甘肃能化
SZ000553,安道麦A
SZ000554,泰山石油
SZ000555,神州信息
SZ000556,PT南洋
SZ000557,西部创业
SZ000558,天府文旅
SZ000559,万向钱潮
SZ000560,我爱我家
SZ000561,烽火电子
SZ000562,宏源证券
SZ000563,陕国投A
SZ000564,供销大集
SZ000565,渝三峡A
SZ000566,海南海药
SZ000567,海德股份
SZ000568,泸州老窖
SZ000569,长城股份
SZ000570,苏常柴A
SZ000571,新大洲A
SZ000572,海马汽车
SZ000573,粤宏远A
SZ000576,甘化科工
SZ000578,盐湖集团
SZ000581,威孚高科
SZ000582,北部湾港
SZ000583,S*ST托普
SZ000584,工智退
SZ000585,东电退
SZ000586,汇源通信
SZ000587,*ST金洲
SZ000588,PT粤金曼
SZ000589,贵州轮胎
SZ000590,古汉医药
SZ000591,太阳能
SZ000592,平潭发展
SZ000593,德龙汇能
SZ000594,国恒退
SZ000595,*ST宝实
SZ000596,古井贡酒
SZ000597,东北制药
SZ000598,兴蓉环境
SZ000599,青岛双星
SZ000600,建投能源
SZ000601,韶能股份
SZ000602,金马集团
SZ000603,盛达资源
SZ000605,渤海股份
SZ000606,顺利退
SZ000607,华媒控股
SZ000608,*ST阳光
SZ000609,*ST中迪
SZ000610,*ST西旅
SZ000611,天首退
SZ000612,焦作万方
SZ000613,东海A退
SZ000615,*ST美谷
SZ000616,*ST海投
SZ000617,中油资本
SZ000618,吉林化工
SZ000619,海螺新材
SZ000620,盈新发展
SZ000621,*ST比特
SZ000622,恒立退
SZ000623,吉林敖东
SZ000625,长安汽车
SZ000626,远大控股
SZ000627,*ST天茂
SZ000628,高新发展
SZ000629,钒钛股份
SZ000630,铜陵有色
SZ000631,顺发恒能
SZ000632,ST三木
SZ000633,合金投资
SZ000635,英力特
SZ000636,风华高科
SZ000637,茂化实华
SZ000638,*ST万方
SZ000639,ST西王
SZ000650,仁和药业
SZ000651,格力电器
SZ000652,泰达股份
SZ000653,ST九州
SZ000655,金岭矿业
SZ000656,*ST金科
SZ000657,中钨高新
SZ000658,ST海洋
SZ000659,珠海中富
SZ000660,*ST南华
SZ000661,长春高新
SZ000662,天夏退
SZ000663,永安林业
SZ000665,湖北广电
SZ000666,经纬纺机
SZ000667,ST美置
SZ000668,*ST荣控
SZ000669,ST金鸿
SZ000670,盈方微
SZ000671,ST阳光城
SZ000672,上峰水泥
SZ000673,当代退
SZ000675,ST银山
SZ000676,智度股份
SZ000677,ST海龙
SZ000678,襄阳轴承
SZ000679,大连友谊
SZ000680,山推股份
SZ000681,视觉中国
SZ000682,东方电子
SZ000683,博源化工
SZ000685,中山公用
SZ000686,东北证券
SZ000687,华讯退
SZ000688,国城矿业
SZ000689,ST宏业
SZ000690,宝新能源
SZ000691,*ST亚太
SZ000692,惠天热电
SZ000693,华泽退
SZ000695,滨海能源
SZ000697,炼石航空
SZ000698,ST沈化
SZ000699,S*ST佳纸
SZ000700,模塑科技
SZ000701,厦门信达
SZ000702,正虹科技
SZ000703,恒逸石化
SZ000705,浙江震元
SZ000707,双环科技
SZ000708,中信特钢
SZ000709,河钢股份
SZ000710,贝瑞基因
SZ000711,ST京蓝
SZ000712,锦龙股份
SZ000713,国投丰乐
SZ000715,中兴商业
SZ000716,黑芝麻
SZ000717,中南股份
SZ000718,苏宁环球
SZ000719,中原传媒
SZ000720,新能泰山
SZ000721,西安饮食
SZ000722,湖南发展
SZ000723,美锦能源
SZ000725,京东方A
SZ000726,鲁泰A
SZ000727,冠捷科技
SZ000728,国元证券
SZ000729,燕京啤酒
SZ000730,*ST环保
SZ000731,四川美丰
SZ000732,ST泰禾
SZ000733,振华科技
SZ000735,罗牛山
SZ000736,*ST中地
SZ000737,北方铜业
SZ000738,航发控制
SZ000739,普洛药业
SZ000748,长城信息
SZ000750,国海证券
SZ000751,锌业股份
SZ000752,*ST西发
SZ000753,漳州发展
SZ000755,山西高速
SZ000756,新华制药
SZ000757,浩物股份
SZ000758,中色股份
SZ000759,中百集团
SZ000760,斯太退
SZ000761,本钢板材
SZ000762,西藏矿业
SZ000763,锦州石化
SZ000765,*ST华信
SZ000766,通化金马
SZ000767,晋控电力
SZ000768,中航西飞
SZ000769,*ST大菲
SZ000776,广发证券
SZ000777,中核科技
SZ000778,新兴铸管
SZ000779,甘咨询
SZ000780,ST平能
SZ000782,恒申新材
SZ000783,长江证券
SZ000785,居然智家
SZ000786,北新建材
SZ000787,*ST创智
SZ000788,北大医药
SZ000789,万年青
SZ000790,华神科技
SZ000791,甘肃能源
SZ000792,盐湖股份
SZ000793,*ST华闻
SZ000795,英洛华
SZ000796,凯撒旅业
SZ000797,中国武夷
SZ000798,中水渔业
SZ000799,酒鬼酒
SZ000800,一汽解放
SZ000801,四川九洲
SZ000802,北京文化
SZ000803,山高环能
SZ000805,*ST炎黄
SZ000806,银河退
SZ000807,云铝股份
SZ000809,和展能源
SZ000810,创维数字
SZ000811,冰轮环境
SZ000812,陕西金叶
SZ000813,德展健康
SZ000815,美利云
SZ000816,智慧农业
SZ000817,辽河油田
SZ000818,航锦科技
SZ000819,岳阳兴长
SZ000820,*ST节能
SZ000821,ST京机
SZ000822,山东海化
SZ000823,超声电子
SZ000825,太钢不锈
SZ000826,*ST启环
SZ000827,*ST长兴
SZ000828,东莞控股
SZ000829,天音控股
SZ000830,鲁西化工
SZ000831,中国稀土
SZ000832,*ST龙涤
SZ000833,粤桂股份
SZ000835,长动退
SZ000836,ST富通
SZ000837,秦川机床
SZ000838,*ST发展
SZ000839,国安股份
SZ000848,承德露露
SZ000850,华茂股份
SZ000851,*ST高鸿
SZ000852,石化机械
SZ000856,冀东装备
SZ000858,五粮液
SZ000859,国风新材
SZ000860,顺鑫农业
SZ000861,海印股份
SZ000862,银星能源
SZ000863,三湘印象
SZ000866,扬子石化
SZ000868,安凯客车
SZ000869,张裕A
SZ000875,电投绿能
SZ000876,新希望
SZ000877,天山股份
SZ000878,云南铜业
SZ000880,潍柴重机
SZ000881,中广核技
SZ000882,华联股份
SZ000883,湖北能源
SZ000885,城发环境
SZ000886,海南高速
SZ000887,中鼎股份
SZ000888,峨眉山A
SZ000889,中嘉博创
SZ000890,法尔胜
SZ000892,欢瑞世纪
SZ000893,亚钾国际
SZ000895,双汇发展
SZ000897,津滨发展
SZ000898,鞍钢股份
SZ000899,赣能股份
SZ000900,现代投资
SZ000901,航天科技
SZ000902,新洋丰
SZ000903,ST云动
SZ000905,厦门港务
SZ000906,浙商中拓
SZ000908,ST景峰
SZ000909,*ST数源
SZ000910,大亚圣象
SZ000911,*ST广糖
SZ000912,泸天化
SZ000913,钱江摩托
SZ000915,华特达因
SZ000916,华北高速
SZ000917,电广传媒
SZ000918,*ST嘉凯
SZ000919,金陵药业
SZ000920,沃顿科技
SZ000921,海信家电
SZ000922,佳电股份
SZ000923,河钢资源
SZ000925,众合科技
SZ000926,福星股份
SZ000927,中国铁物
SZ000928,中钢国际
SZ000929,*ST兰黄
SZ000930,中粮科技
SZ000931,中关村
SZ000932,华菱钢铁
SZ000933,神火股份
SZ000935,四川双马
SZ000936,华西股份
SZ000937,冀中能源
SZ000938,紫光股份
SZ000939,凯迪退
SZ000948,南天信息
SZ000949,新乡化纤
SZ000950,重药控股
SZ000951,中国重汽
SZ000952,广济药业
SZ000953,河化股份
SZ000955,欣龙控股
SZ000956,中原油气
SZ000957,中通客车
SZ000958,电投产融
SZ000959,首钢股份
SZ000960,锡业股份
SZ000961,ST中南
SZ000962,东方钽业
SZ000963,华东医药
SZ000965,天保基建
SZ000966,长源电力
SZ000967,盈峰环境
SZ000968,蓝焰控股
SZ000969,安泰科技
SZ000970,中科三环
SZ000971,*ST高升
SZ000972,*ST中基
SZ000973,佛塑科技
SZ000975,山金国际
SZ000976,*ST华铁
SZ000977,浪潮信息
SZ000978,桂林旅游
SZ000979,中弘退
SZ000980,众泰汽车
SZ000981,山子高科
SZ000982,中银绒业
SZ000983,山西焦煤
SZ000985,大庆华科
SZ000987,越秀资本
SZ000988,华工科技
SZ000989,九芝堂
SZ000990,诚志股份
SZ000993,闽东电力
SZ000995,皇台酒业
SZ000996,中期退
SZ000997,新大陆
SZ000998,隆平高科
SZ000999,华润三九
SZ001201,东瑞股份
SZ001202,炬申股份
SZ001203,大中矿业
SZ001205,盛航股份
SZ001206,依依股份
SZ001207,联科科技
SZ001208,华菱线缆
SZ001209,洪兴股份
SZ001210,金房能源
SZ001211,双枪科技
SZ001212,中旗新材
SZ001213,中铁特货
SZ001215,千味央厨
SZ001216,华瓷股份
SZ001217,华尔泰
SZ001218,丽臣实业
SZ001219,青岛食品
SZ001220,世盟股份
SZ001221,悍高集团
SZ001222,源飞宠物
SZ001223,欧克科技
SZ001225,和泰机电
SZ001226,拓山重工
SZ001227,兰州银行
SZ001228,永泰运
SZ001229,魅视科技
SZ001230,劲旅环境
SZ001231,农心科技
SZ001233,海安集团
SZ001234,泰慕士
SZ001236,弘业期货
SZ001238,浙江正特
SZ001239,永达股份
SZ001255,博菲电气
SZ001256,炜冈科技
SZ001257,盛龙股份
SZ001258,立新能源
SZ001259,利仁科技
SZ001260,坤泰股份
SZ001266,宏英智能
SZ001267,汇绿生态
SZ001268,联合精密
SZ001269,欧晶科技
SZ001270,*ST铖昌
SZ001277,速达股份
SZ001278,一彬科技
SZ001279,强邦新材
SZ001280,中国铀业
SZ001282,三联锻造
SZ001283,豪鹏科技
SZ001285,瑞立科密
SZ001286,陕西能源
SZ001287,中电港
SZ001288,运机集团
SZ001289,龙源电力
SZ001296,长江材料
SZ001298,好上好
SZ001299,美能能源
SZ001300,三柏硕
SZ001301,尚太科技
SZ001306,夏厦精密
SZ001308,康冠科技
SZ001309,德明利
SZ001311,多利科技
SZ001312,福恩股份
SZ001313,粤海饲料
SZ001314,亿道信息
SZ001316,润贝航科
SZ001317,三羊马
SZ001318,阳光乳业
SZ001319,铭科精技
SZ001322,箭牌家居
SZ001323,慕思股份
SZ001324,长青科技
SZ001325,元创股份
SZ001326,联域股份
SZ001328,登康口腔
SZ001330,博纳影业
SZ001331,胜通能源
SZ001332,锡装股份
SZ001333,光华股份
SZ001335,信凯科技
SZ001336,楚环科技
SZ001337,四川黄金
SZ001338,永顺泰
SZ001339,智微智能
SZ001356,富岭股份
SZ001358,兴欣新材
SZ001359,平安电工
SZ001360,南矿集团
SZ001366,播恩集团
SZ001367,海森药业
SZ001368,通达创智
SZ001369,双欣材料
SZ001373,翔腾新材
SZ001376,百通能源
SZ001378,德冠新材
SZ001379,腾达科技
SZ001380,华纬科技
SZ001382,新亚电缆
SZ001386,马可波罗
SZ001387,雪祺电气
SZ001388,信通电子
SZ001389,广合科技
SZ001390,古麒绒材
SZ001391,国货航
SZ001393,维通利
SZ001395,亚联机械
SZ001396,誉帆科技
SZ001400,江顺科技
SZ001696,宗申动力
SZ001872,招商港口
SZ001896,豫能控股
SZ001914,招商积余
SZ001965,招商公路
SZ001979,招商蛇口
SZ002001,新和成
SZ002002,ST鸿达
SZ002003,伟星股份
SZ002004,华邦健康
SZ002005,ST德豪
SZ002006,精工科技
SZ002007,华兰生物
SZ002008,大族激光
SZ002009,天奇股份
SZ002010,传化智联
SZ002011,盾安环境
SZ002012,凯恩股份
SZ002013,中航机电
SZ002014,永新股份
SZ002015,协鑫能科
SZ002016,世荣兆业
SZ002017,东信和平
SZ002018,华信退
SZ002019,亿帆医药
SZ002020,京新药业
SZ002021,中捷资源
SZ002022,科华生物
SZ002023,海特高新
SZ002024,ST易购
SZ002025,航天电器
SZ002026,山东威达
SZ002027,分众传媒
SZ002028,思源电气
SZ002029,七匹狼
SZ002030,达安基因
SZ002031,巨轮智能
SZ002032,苏泊尔
SZ002033,丽江股份
SZ002034,旺能环境
SZ002035,华帝股份
SZ002036,联创电子
SZ002037,保利联合
SZ002038,双鹭药业
SZ002039,黔源电力
SZ002040,南京港
SZ002041,登海种业
SZ002042,华孚时尚
SZ002043,兔宝宝
SZ002044,美年健康
SZ002045,国光电器
SZ002046,国机精工
SZ002047,*ST宝鹰
SZ002048,宁波华翔
SZ002049,紫光国微
SZ002050,三花智控
SZ002051,中工国际
SZ002052,同洲电子
SZ002053,云南能投
SZ002054,德美化工
SZ002055,ST得润
SZ002056,横店东磁
SZ002057,中钢天源
SZ002058,*ST威尔
SZ002059,云南旅游
SZ002060,广东建工
SZ002061,浙江交科
SZ002062,宏润建设
SZ002063,远光软件
SZ002064,华峰化学
SZ002065,东华软件
SZ002066,瑞泰科技
SZ002067,景兴纸业
SZ002068,黑猫股份
SZ002069,獐子岛
SZ002070,众和退
SZ002071,长城退
SZ002072,凯瑞德
SZ002073,软控股份
SZ002074,国轩高科
SZ002075,沙钢股份
SZ002076,*ST星光
SZ002077,大港股份
SZ002078,太阳纸业
SZ002079,苏州固锝
SZ002080,中材科技
SZ002081,金螳螂
SZ002082,ST万邦
SZ002083,孚日股份
SZ002084,海鸥住工
SZ002085,万丰奥威
SZ002086,东方海洋
SZ002087,新纺退
SZ002088,鲁阳节能
SZ002089,新海退
SZ002090,金智科技
SZ002091,江苏国泰
SZ002092,中泰化学
SZ002093,国脉科技
SZ002094,青岛金王
SZ002095,生意宝
SZ002096,易普力
SZ002097,山河智能
SZ002098,浔兴股份
SZ002099,海翔药业
SZ002100,天康生物
SZ002101,广东鸿图
SZ002102,ST能特
SZ002103,广博股份
SZ002104,恒宝股份
SZ002105,信隆健康
SZ002106,莱宝高科
SZ002107,沃华医药
SZ002108,沧州明珠
SZ002109,ST兴化
SZ002110,三钢闽光
SZ002111,威海广泰
SZ002112,三变科技
SZ002113,*ST天润
SZ002114,罗平锌电
SZ002115,三维通信
SZ002116,中国海诚
SZ002117,东港股份
SZ002118,*ST紫鑫
SZ002119,康强电子
SZ002120,韵达股份
SZ002121,科陆电子
SZ002122,ST汇洲
SZ002123,梦网科技
SZ002124,天邦食品
SZ002125,湘潭电化
SZ002126,银轮股份
SZ002127,南极电商
SZ002128,电投能源
SZ002129,TCL中环
SZ002130,沃尔核材
SZ002131,利欧股份
SZ002132,恒星科技
SZ002133,广宇集团
SZ002134,天津普林
SZ002135,东南网架
SZ002136,安纳达
SZ002137,实益达
SZ002138,顺络电子
SZ002139,拓邦股份
SZ002140,东华科技
SZ002141,贤丰控股
SZ002142,宁波银行
SZ002143,印纪退
SZ002144,宏达高科
SZ002145,钛能化学
SZ002146,荣盛发展
SZ002147,新光退
SZ002148,北纬科技
SZ002149,西部材料
SZ002150,正泰电源
SZ002151,北斗星通
SZ002152,广电运通
SZ002153,石基信息
SZ002154,报喜鸟
SZ002155,湖南黄金
SZ002156,通富微电
SZ002157,正邦科技
SZ002158,汉钟精机
SZ002159,三特索道
SZ002160,常铝股份
SZ002161,远望谷
SZ002162,悦心健康
SZ002163,海南发展
SZ002164,宁波东力
SZ002165,红宝丽
SZ002166,莱茵生物
SZ002167,东方锆业
SZ002168,ST惠程
SZ002169,智光电气
SZ002170,芭田股份
SZ002171,楚江新材
SZ002172,澳洋健康
SZ002173,创新医疗
SZ002174,游族网络
SZ002175,*ST东智
SZ002176,江特电机
SZ002177,御银股份
SZ002178,延华智能
SZ002179,中航光电
SZ002180,奔图科技
SZ002181,粤传媒
SZ002182,宝武镁业
SZ002183,怡亚通
SZ002184,海得控制
SZ002185,华天科技
SZ002186,全聚德
SZ002187,广百股份
SZ002188,中天服务
SZ002189,中光学
SZ002190,成飞集成
SZ002191,劲嘉股份
SZ002192,融捷股份
SZ002193,ST如意
SZ002194,武汉凡谷
SZ002195,岩山科技
SZ002196,方正电机
SZ002197,证通电子
SZ002198,ST嘉应
SZ002199,*ST东晶
SZ002200,*ST交投
SZ002201,九鼎新材
SZ002202,金风科技
SZ002203,海亮股份
SZ002204,大连重工
SZ002205,国统股份
SZ002206,海利得
SZ002207,*ST准油
SZ002208,合肥城建
SZ002209,达意隆
SZ002210,飞马国际
SZ002211,ST宏达
SZ002212,天融信
SZ002213,大为股份
SZ002214,*ST大立
SZ002215,诺普信
SZ002216,三全食品
SZ002217,合力泰
SZ002218,拓日新能
SZ002219,新里程
SZ002220,天宝退
SZ002221,东华能源
SZ002222,福晶科技
SZ002223,鱼跃医疗
SZ002224,三力士
SZ002225,濮耐股份
SZ002226,江南化工
SZ002227,*ST特迅
SZ002228,合兴包装
SZ002229,鸿博股份
SZ002230,科大讯飞
SZ002231,*ST奥维
SZ002232,启明信息
SZ002233,塔牌集团
SZ002234,民和股份
SZ002235,安妮股份
SZ002236,大华股份
SZ002237,恒邦股份
SZ002238,天威视讯
SZ002239,奥特佳
SZ002240,盛新锂能
SZ002241,歌尔股份
SZ002242,九阳股份
SZ002243,力合科创
SZ002244,滨江集团
SZ002245,蔚蓝锂芯
SZ002246,北化股份
SZ002247,聚力文化
SZ002248,华东数控
SZ002249,大洋电机
SZ002250,联化科技
SZ002251,步步高
SZ002252,上海莱士
SZ002253,*ST智胜
SZ002254,泰和新材
SZ002255,海陆重工
SZ002256,兆新股份
SZ002258,利尔化学
SZ002259,升达林业
SZ002260,德奥退
SZ002261,拓维信息
SZ002262,恩华药业
SZ002263,大东南
SZ002264,新华都
SZ002265,建设工业
SZ002266,浙富控股
SZ002267,陕天然气
SZ002268,电科网安
SZ002269,美邦服饰
SZ002270,华明装备
SZ002271,东方雨虹
SZ002272,川润股份
SZ002273,水晶光电
SZ002274,华昌化工
SZ002275,桂林三金
SZ002276,万马股份
SZ002277,友阿股份
SZ002278,神开股份
SZ002279,久其软件
SZ002280,ST联络
SZ002281,光迅科技
SZ002282,博深股份
SZ002283,天润工业
SZ002284,亚太股份
SZ002285,世联行
SZ002286,保龄宝
SZ002287,奇正藏药
SZ002288,*ST超华
SZ002289,*ST宇顺
SZ002290,禾盛新材
SZ002291,遥望科技
SZ002292,奥飞娱乐
SZ002293,罗莱生活
SZ002294,信立泰
SZ002295,精艺股份
SZ002296,辉煌科技
SZ002297,博云新材
SZ002298,中电鑫龙
SZ002299,圣农发展
SZ002300,太阳电缆
SZ002301,齐心集团
SZ002302,西部建设
SZ002303,美盈森
SZ002304,洋河股份
SZ002305,*ST南置
SZ002306,*ST云网
SZ002307,北新路桥
SZ002308,*ST威创
SZ002309,中利集团
SZ002310,东方新能
SZ002311,海大集团
SZ002312,川发龙蟒
SZ002313,日海智能
SZ002314,南山控股
SZ002315,焦点科技
SZ002316,亚联发展
SZ002317,众生药业
SZ002318,久立特材
SZ002319,乐通股份
SZ002320,海峡股份
SZ002321,华英农业
SZ002322,理工能科
SZ002323,*ST雅博
SZ002324,普利特
SZ002325,*ST洪涛
SZ002326,永太科技
SZ002327,富安娜
SZ002328,新朋股份
SZ002329,皇氏集团
SZ002330,得利斯
SZ002331,皖通科技
SZ002332,仙琚制药
SZ002333,罗普斯金
SZ002334,英威腾
SZ002335,科华数据
SZ002336,人乐退
SZ002337,赛象科技
SZ002338,奥普光电
SZ002339,积成电子
SZ002340,格林美
SZ002341,ST新纶
SZ002342,巨力索具
SZ002343,慈文传媒
SZ002344,海宁皮城
SZ002345,潮宏基
SZ002346,柘中股份
SZ002347,泰尔股份
SZ002348,高乐股份
SZ002349,精华制药
SZ002350,北京科锐
SZ002351,漫步者
SZ002352,顺丰控股
SZ002353,杰瑞股份
SZ002354,天娱数科
SZ002355,兴民智通
SZ002356,赫美集团
SZ002357,富临运业
SZ002358,森源电气
SZ002359,北讯退
SZ002360,ST同德
SZ002361,神剑股份
SZ002362,汉王科技
SZ002363,隆基机械
SZ002364,中恒电气
SZ002365,永安药业
SZ002366,融发核电
SZ002367,康力电梯
SZ002368,太极股份
SZ002369,卓翼科技
SZ002370,亚太药业
SZ002371,北方华创
SZ002372,伟星新材
SZ002373,千方科技
SZ002374,中锐股份
SZ002375,亚厦股份
SZ002376,新北洋
SZ002377,国创高新
SZ002378,章源钨业
SZ002379,宏桥控股
SZ002380,科远智慧
SZ002381,双箭股份
SZ002382,蓝帆医疗
SZ002383,合众思壮
SZ002384,东山精密
SZ002385,大北农
SZ002386,天原股份
SZ002387,维信诺
SZ002388,新亚制程
SZ002389,航天彩虹
SZ002390,信邦制药
SZ002391,长青股份
SZ002392,北京利尔
SZ002393,力生制药
SZ002394,联发股份
SZ002395,双象股份
SZ002396,星网锐捷
SZ002397,梦洁股份
SZ002398,垒知集团
SZ002399,海普瑞
SZ002400,省广集团
SZ002401,中远海科
SZ002402,和而泰
SZ002403,爱仕达
SZ002404,嘉欣丝绸
SZ002405,四维图新
SZ002406,远东传动
SZ002407,多氟多
SZ002408,齐翔腾达
SZ002409,雅克科技
SZ002410,广联达
SZ002411,必康退
SZ002412,汉森制药
SZ002413,雷科防务
SZ002414,高德红外
SZ002415,海康威视
SZ002416,爱施德
SZ002417,深南退
SZ002418,康盛股份
SZ002419,天虹股份
SZ002420,毅昌科技
SZ002421,达实智能
SZ002422,科伦药业
SZ002423,中粮资本
SZ002424,ST百灵
SZ002425,凯撒文化
SZ002426,胜利精密
SZ002427,尤夫股份
SZ002428,云南锗业
SZ002429,兆驰股份
SZ002430,杭氧股份
SZ002431,ST棕榈
SZ002432,九安医疗
SZ002433,太安退
SZ002434,万里扬
SZ002435,ST长康
SZ002436,兴森科技
SZ002437,誉衡药业
SZ002438,江苏神通
SZ002439,启明星辰
SZ002440,闰土股份
SZ002441,众业达
SZ002442,龙星科技
SZ002443,金洲管道
SZ002444,巨星科技
SZ002445,中南文化
SZ002446,盛路通信
SZ002447,晨鑫退
SZ002448,中原内配
SZ002449,国星光电
SZ002450,康得退
SZ002451,摩恩电气
SZ002452,长高电新
SZ002453,华软科技
SZ002454,松芝股份
SZ002455,百川股份
SZ002456,欧菲光
SZ002457,青龙管业
SZ002458,益生股份
SZ002459,晶澳科技
SZ002460,赣锋锂业
SZ002461,珠江啤酒
SZ002462,嘉事堂
SZ002463,沪电股份
SZ002464,众应退
SZ002465,海格通信
SZ002466,天齐锂业
SZ002467,二六三
SZ002468,申通快递
SZ002469,三维化学
SZ002470,金正大
SZ002471,中超控股
SZ002472,双环传动
SZ002473,圣莱退
SZ002474,榕基软件
SZ002475,立讯精密
SZ002476,宝莫股份
SZ002477,雏鹰退
SZ002478,常宝股份
SZ002479,富春环保
SZ002480,新筑股份
SZ002481,双塔食品
SZ002482,广田集团
SZ002483,润邦股份
SZ002484,江海股份
SZ002485,ST雪发
SZ002486,嘉麟杰
SZ002487,大金重工
SZ002488,金固股份
SZ002489,浙江永强
SZ002490,山东墨龙
SZ002491,通鼎互联
SZ002492,恒基达鑫
SZ002493,荣盛石化
SZ002494,华斯股份
SZ002495,佳隆股份
SZ002496,*ST辉丰
SZ002497,雅化集团
SZ002498,汉缆股份
SZ002499,科林退
SZ002500,山西证券
SZ002501,*ST利源
SZ002502,ST鼎龙
SZ002503,*ST搜特
SZ002504,*ST弘高
SZ002505,鹏都农牧
SZ002506,协鑫集成
SZ002507,涪陵榨菜
SZ002508,老板电器
SZ002509,天茂退
SZ002510,天汽模
SZ002511,中顺洁柔
SZ002512,ST达华
SZ002513,蓝丰生化
SZ002514,*ST宝馨
SZ002515,金字火腿
SZ002516,旷达科技
SZ002517,恺英网络
SZ002518,科士达
SZ002519,银河电子
SZ002520,日发精机
SZ002521,齐峰新材
SZ002522,浙江众成
SZ002523,天桥起重
SZ002524,光正眼科
SZ002526,山东矿机
SZ002527,新时达
SZ002528,*ST英飞
SZ002529,*ST海源
SZ002530,金财互联
SZ002531,天顺风能
SZ002532,天山铝业
SZ002533,金杯电工
SZ002534,西子洁能
SZ002535,林州重机
SZ002536,飞龙股份
SZ002537,海联金汇
SZ002538,ST司特
SZ002539,云图控股
SZ002540,亚太科技
SZ002541,鸿路钢构
SZ002542,*ST中岩
SZ002543,万和电气
SZ002544,普天科技
SZ002545,东方铁塔
SZ002546,新联电子
SZ002547,*ST春兴
SZ002548,金新农
SZ002549,凯美特气
SZ002550,千红制药
SZ002551,尚荣医疗
SZ002552,宝鼎科技
SZ002553,南方精工
SZ002554,惠博普
SZ002555,三七互娱
SZ002556,辉隆股份
SZ002557,洽洽食品
SZ002558,巨人网络
SZ002559,亚威股份
SZ002560,通达股份
SZ002561,徐家汇
SZ002562,兄弟科技
SZ002563,森马服饰
SZ002564,天沃科技
SZ002565,顺灏股份
SZ002566,益盛药业
SZ002567,唐人神
SZ002568,百润股份
SZ002569,*ST步森
SZ002570,贝因美
SZ002571,德力股份
SZ002572,索菲亚
SZ002573,清新环境
SZ002574,明牌珠宝
SZ002575,群兴玩具
SZ002576,通达动力
SZ002577,雷柏科技
SZ002578,闽发铝业
SZ002579,中京电子
SZ002580,圣阳股份
SZ002581,*ST未名
SZ002582,好想你
SZ002583,海能达
SZ002584,西陇科学
SZ002585,双星新材
SZ002586,ST围海
SZ002587,奥拓电子
SZ002588,史丹利
SZ002589,瑞康医药
SZ002590,万安科技
SZ002591,恒大高新
SZ002592,ST八菱
SZ002593,日上集团
SZ002594,比亚迪
SZ002595,豪迈科技
SZ002596,海南瑞泽
SZ002597,金禾实业
SZ002598,ST章鼓
SZ002599,盛通股份
SZ002600,领益智造
SZ002601,龙佰集团
SZ002602,世纪华通
SZ002603,以岭药业
SZ002604,龙力退
SZ002605,姚记科技
SZ002606,大连电瓷
SZ002607,中公教育
SZ002608,江苏国信
SZ002609,捷顺科技
SZ002610,ST爱康
SZ002611,东方精工
SZ002612,朗姿股份
SZ002613,北玻股份
SZ002614,奥佳华
SZ002615,哈尔斯
SZ002616,长青集团
SZ002617,露笑科技
SZ002618,丹邦退
SZ002619,*ST艾格
SZ002620,*ST瑞和
SZ002621,*ST美吉
SZ002622,皓宸医疗
SZ002623,亚玛顿
SZ002624,完美世界
SZ002625,光启技术
SZ002626,金达威
SZ002627,三峡旅游
SZ002628,成都路桥
SZ002629,仁智股份
SZ002630,*ST华西
SZ002631,德尔未来
SZ002632,道明光学
SZ002633,申科股份
SZ002634,*ST棒杰
SZ002635,安洁科技
SZ002636,金安国纪
SZ002637,赞宇科技
SZ002638,勤上股份
SZ002639,雪人集团
SZ002640,跨境通
SZ002641,公元股份
SZ002642,荣联科技
SZ002643,万润股份
SZ002644,佛慈制药
SZ002645,华宏科技
SZ002646,天佑德酒
SZ002647,仁东控股
SZ002648,卫星化学
SZ002649,博彦科技
SZ002650,ST加加
SZ002651,利君股份
SZ002652,扬子新材
SZ002653,海思科
SZ002654,万润科技
SZ002655,共达电声
SZ002656,*ST摩登
SZ002657,中科金财
SZ002658,雪迪龙
SZ002659,凯文教育
SZ002660,茂硕电源
SZ002661,克明食品
SZ002662,峰璟股份
SZ002663,普邦股份
SZ002664,信质集团
SZ002665,ST航高
SZ002666,德联集团
SZ002667,*ST威领
SZ002668,TCL智家
SZ002669,康达新材
SZ002670,国盛证券
SZ002671,龙泉股份
SZ002672,东江环保
SZ002673,西部证券
SZ002674,兴业科技
SZ002675,东诚药业
SZ002676,顺威股份
SZ002677,浙江美大
SZ002678,珠江钢琴
SZ002679,福建金森
SZ002680,长生退
SZ002681,奋达科技
SZ002682,龙洲股份
SZ002683,广东宏大
SZ002684,猛狮退
SZ002685,华东重机
SZ002686,亿利达
SZ002687,乔治白
SZ002688,金河生物
SZ002689,ST远智
SZ002690,美亚光电
SZ002691,*ST冀凯
SZ002692,远程股份
SZ002693,*ST双成
SZ002694,*ST顾地
SZ002695,煌上煌
SZ002696,百洋股份
SZ002697,红旗连锁
SZ002698,博实股份
SZ002699,*ST美盛
SZ002700,万憬能源
SZ002701,奥瑞金
SZ002702,海欣食品
SZ002703,浙江世宝
SZ002705,新宝股份
SZ002706,良信股份
SZ002707,众信旅游
SZ002708,光洋股份
SZ002709,天赐材料
SZ002711,欧浦退
SZ002712,思美传媒
SZ002713,*ST东易
SZ002714,牧原股份
SZ002715,登云股份
SZ002716,湖南白银
SZ002717,*ST岭南
SZ002718,友邦吊顶
SZ002719,ST麦趣
SZ002721,金一文化
SZ002722,物产金轮
SZ002723,小崧股份
SZ002724,海洋王
SZ002725,跃岭股份
SZ002726,ST龙大
SZ002727,一心堂
SZ002728,特一药业
SZ002729,好利科技
SZ002730,电光科技
SZ002731,ST萃华
SZ002732,燕塘乳业
SZ002733,雄韬股份
SZ002734,利民股份
SZ002735,王子新材
SZ002736,国信证券
SZ002737,葵花药业
SZ002738,中矿资源
SZ002739,儒意电影
SZ002740,*ST爱迪
SZ002741,光华科技
SZ002742,三圣股份
SZ002743,富煌钢构
SZ002745,木林森
SZ002746,仙坛股份
SZ002747,埃斯顿
SZ002748,世龙实业
SZ002749,国光股份
SZ002750,龙津退
SZ002751,易尚退
SZ002752,昇兴股份
SZ002753,永东股份
SZ002755,奥赛康
SZ002756,永兴材料
SZ002757,南兴股份
SZ002758,浙农股份
SZ002759,天际股份
SZ002760,凤形股份
SZ002761,浙江建投
SZ002762,*ST金比
SZ002763,汇洁股份
SZ002765,蓝黛科技
SZ002766,索菱股份
SZ002767,先锋电子
SZ002768,国恩股份
SZ002769,普路通
SZ002770,科迪退
SZ002771,真视通
SZ002772,众兴菌业
SZ002773,康弘药业
SZ002774,快意电梯
SZ002775,文科股份
SZ002776,*ST柏龙
SZ002777,久远银海
SZ002778,中晟高科
SZ002779,中坚科技
SZ002780,三夫户外
SZ002781,奇信退
SZ002782,可立克
SZ002783,凯龙股份
SZ002785,万里石
SZ002786,银宝山新
SZ002787,华源控股
SZ002788,鹭燕医药
SZ002789,*ST建艺
SZ002790,瑞尔特
SZ002791,坚朗五金
SZ002792,通宇通讯
SZ002793,罗欣药业
SZ002795,永和智控
SZ002796,世嘉科技
SZ002797,第一创业
SZ002798,帝欧水华
SZ002799,环球印务
SZ002800,天顺股份
SZ002801,微光股份
SZ002802,洪汇新材
SZ002803,吉宏股份
SZ002805,丰元股份
SZ002806,华锋股份
SZ002807,江阴银行
SZ002808,*ST恒久
SZ002809,红墙股份
SZ002810,山东赫达
SZ002811,郑中设计
SZ002812,恩捷股份
SZ002813,路畅科技
SZ002815,崇达技术
SZ002816,*ST和科
SZ002817,黄山胶囊
SZ002818,富森美
SZ002819,东方中科
SZ002820,桂发祥
SZ002821,凯莱英
SZ002822,ST中装
SZ002823,凯中精密
SZ002824,和胜股份
SZ002825,纳尔股份
SZ002826,易明医药
SZ002827,高争民爆
SZ002828,贝肯能源
SZ002829,星网宇达
SZ002830,名雕股份
SZ002831,裕同科技
SZ002832,比音勒芬
SZ002833,弘亚数控
SZ002835,同为股份
SZ002836,新宏泽
SZ002837,英维克
SZ002838,道恩股份
SZ002839,张家港行
SZ002840,华统股份
SZ002841,视源股份
SZ002842,翔鹭钨业
SZ002843,泰嘉股份
SZ002845,同兴达
SZ002846,英联股份
SZ002847,盐津铺子
SZ002848,*ST高斯
SZ002849,威星智能
SZ002850,科达利
SZ002851,麦格米特
SZ002852,道道全
SZ002853,皮阿诺
SZ002855,捷荣技术
SZ002856,*ST美芝
SZ002857,三晖电气
SZ002858,力盛体育
SZ002859,洁美科技
SZ002860,星帅尔
SZ002861,瀛通通讯
SZ002862,实丰文化
SZ002863,今飞凯达
SZ002864,盘龙药业
SZ002865,钧达股份
SZ002866,传艺科技
SZ002867,周大生
SZ002868,绿康生化
SZ002869,金溢科技
SZ002870,香山股份
SZ002871,伟隆股份
SZ002872,ST天圣
SZ002873,新天药业
SZ002875,安奈儿
SZ002876,三利谱
SZ002877,智能自控
SZ002878,元隆雅图
SZ002879,长缆科技
SZ002880,卫光生物
SZ002881,美格智能
SZ002882,金龙羽
SZ002883,*ST中设
SZ002884,凌霄泵业
SZ002885,京泉华
SZ002886,沃特股份
SZ002887,绿茵生态
SZ002888,惠威科技
SZ002889,东方嘉盛
SZ002890,弘宇股份
SZ002891,中宠股份
SZ002892,科力尔
SZ002893,京能热力
SZ002895,川恒股份
SZ002896,中大力德
SZ002897,意华股份
SZ002898,*ST赛隆
SZ002899,英派斯
SZ002900,哈三联
SZ002901,大博医疗
SZ002902,铭普光磁
SZ002903,宇环数控
SZ002905,金逸影视
SZ002906,华阳集团
SZ002907,华森制药
SZ002908,德生科技
SZ002909,集泰股份
SZ002910,庄园牧场
SZ002911,佛燃能源
SZ002912,中新赛克
SZ002913,奥士康
SZ002915,中欣氟材
SZ002916,深南电路
SZ002917,金奥博
SZ002918,蒙娜丽莎
SZ002919,名臣健康
SZ002920,德赛西威
SZ002921,联诚精密
SZ002922,伊戈尔
SZ002923,润都股份
SZ002925,盈趣科技
SZ002926,华西证券
SZ002927,泰永长征
SZ002928,华夏航空
SZ002929,润建股份
SZ002930,宏川智慧
SZ002931,锋龙股份
SZ002932,*ST明德
SZ002933,新兴装备
SZ002935,天奥电子
SZ002936,郑州银行
SZ002937,兴瑞科技
SZ002938,鹏鼎控股
SZ002939,长城证券
SZ002940,昂利康
SZ002941,新疆交建
SZ002942,新农股份
SZ002943,宇晶股份
SZ002945,华林证券
SZ002946,新乳业
SZ002947,恒铭达
SZ002948,青岛银行
SZ002949,华阳国际
SZ002950,奥美医疗
SZ002951,金时科技
SZ002952,亚世光电
SZ002953,日丰股份
SZ002955,鸿合科技
SZ002956,西麦食品
SZ002957,科瑞技术
SZ002958,青农商行
SZ002959,小熊电器
SZ002960,青鸟智控
SZ002961,瑞达期货
SZ002962,五方光电
SZ002963,豪尔赛
SZ002965,祥鑫科技
SZ002966,苏州银行
SZ002967,广电计量
SZ002968,新大正
SZ002969,嘉美包装
SZ002970,锐明技术
SZ002971,和远气体
SZ002972,科安达
SZ002973,侨银股份
SZ002975,博杰股份
SZ002976,瑞玛精密
SZ002977,*ST天箭
SZ002978,安宁股份
SZ002979,雷赛智能
SZ002980,华盛昌
SZ002981,朝阳科技
SZ002982,湘佳股份
SZ002983,芯瑞达
SZ002984,森麒麟
SZ002985,北摩高科
SZ002986,宇新股份
SZ002987,京北方
SZ002988,豪美新材
SZ002989,中天精装
SZ002990,盛视科技
SZ002991,甘源食品
SZ002992,宝明科技
SZ002993,奥海科技
SZ002995,天地在线
SZ002996,顺博合金
SZ002997,瑞鹄模具
SZ002998,优彩资源
SZ002999,天禾股份
SZ003000,劲仔食品
SZ003001,中岩大地
SZ003002,壶化股份
SZ003003,天元股份
SZ003004,*ST声迅
SZ003005,竞业达
SZ003006,百亚股份
SZ003007,直真科技
SZ003008,开普检测
SZ003009,中天火箭
SZ003010,若羽臣
SZ003011,海象新材
SZ003012,东鹏控股
SZ003013,地铁设计
SZ003015,日久光电
SZ003016,欣贺股份
SZ003017,大洋生物
SZ003018,金富科技
SZ003019,宸展光电
SZ003020,立方制药
SZ003021,兆威机电
SZ003022,联泓新科
SZ003023,彩虹集团
SZ003025,思进智能
SZ003026,中晶科技
SZ003027,同兴科技
SZ003028,振邦智能
SZ003029,吉大正元
SZ003030,祖名股份
SZ003031,中瓷电子
SZ003032,*ST传智
SZ003033,征和工业
SZ003035,南网能源
SZ003036,泰坦股份
SZ003037,三和管桩
SZ003038,鑫铂股份
SZ003039,顺控发展
SZ003040,楚天龙
SZ003041,真爱美家
SZ003042,中农联合
SZ003043,华亚智能
SZ003816,中国广核
SZ115001,钒钛债1
SZ115002,国安债1
SZ115003,中兴债1
SZ117103,蓝天转S1
SZ121001,价值转S
SZ121002,合佳转S1
SZ121003,紫科转S1
SZ123001,蓝标转债
SZ123002,国祯转债
SZ123003,蓝思转债
SZ123004,铁汉转债
SZ123005,万信转债
SZ123006,东财转债
SZ123007,道氏转债
SZ123008,康泰转债
SZ123009,星源转债
SZ123010,博世转债
SZ123011,德尔转债
SZ123012,万顺转债
SZ123013,横河转债
SZ123014,凯发转债
SZ123015,蓝盾转退
SZ123016,洲明转债
SZ123017,寒锐转债
SZ123018,溢利转债
SZ123019,中来转债
SZ123020,富祥转债
SZ123021,万信转2
SZ123022,长信转债
SZ123023,迪森转债
SZ123024,岱勒转债
SZ123025,精测转债
SZ123026,中环转债
SZ123027,蓝晓转债
SZ123028,清水转债
SZ123029,英科转债
SZ123030,九洲转债
SZ123031,晶瑞转债
SZ123032,万里转债
SZ123033,金力转债
SZ123034,通光转债
SZ123035,利德转债
SZ123036,先导转债
SZ123037,新莱转债
SZ123038,联得转债
SZ123039,开润转债
SZ123040,乐普转债
SZ123041,东财转2
SZ123042,银河转债
SZ123043,正元转债
SZ123044,红相转债
SZ123045,雷迪转债
SZ123046,天铁转债
SZ123047,久吾转债
SZ123048,应急转债
SZ123049,维尔转债
SZ123050,聚飞转债
SZ123051,今天转债
SZ123052,飞鹿转债
SZ123053,宝通转债
SZ123054,思特转债
SZ123055,晨光转债
SZ123056,雪榕转债
SZ123057,美联转债
SZ123058,欣旺转债
SZ123059,银信转债
SZ123060,苏试转债
SZ123061,航新转债
SZ123062,三超转债
SZ123063,大禹转债
SZ123064,万孚转债
SZ123065,宝莱转债
SZ123066,赛意转债
SZ123067,斯莱转债
SZ123068,弘信转债
SZ123069,金诺转债
SZ123070,鹏辉转债
SZ123071,天能转债
SZ123072,乐歌转债
SZ123073,同和转债
SZ123074,隆利转债
SZ123075,贝斯转债
SZ123076,强力转债
SZ123077,汉得转债
SZ123078,飞凯转债
SZ123079,运达转债
SZ123080,海波转债
SZ123081,精研转债
SZ123082,北陆转债
SZ123083,朗新转债
SZ123084,高澜转债
SZ123085,万顺转2
SZ123086,海兰转债
SZ123087,明电转债
SZ123088,威唐转债
SZ123089,九洲转2
SZ123090,三诺转债
SZ123091,长海转债
SZ123092,天壕转债
SZ123093,金陵转债
SZ123094,星源转2
SZ123096,思创转债
SZ123097,美力转债
SZ123098,一品转债
SZ123099,普利转退
SZ123100,朗科转债
SZ123101,拓斯转债
SZ123102,华自转债
SZ123103,震安转债
SZ123104,卫宁转债
SZ123105,拓尔转债
SZ123106,正丹转债
SZ123107,温氏转债
SZ123108,乐普转2
SZ123109,昌红转债
SZ123110,九典转债
SZ123111,东财转3
SZ123112,万讯转债
SZ123113,仙乐转债
SZ123114,三角转债
SZ123115,捷捷转债
SZ123116,万兴转债
SZ123117,健帆转债
SZ123118,惠城转债
SZ123119,康泰转2
SZ123120,隆华转债
SZ123121,帝尔转债
SZ123122,富瀚转债
SZ123123,江丰转债
SZ123124,晶瑞转2
SZ123125,元力转债
SZ123126,瑞丰转债
SZ123127,耐普转债
SZ123128,首华转债
SZ123129,锦鸡转债
SZ123130,设研转债
SZ123131,奥飞转债
SZ123132,回盛转债
SZ123133,佩蒂转债
SZ123134,卡倍转债
SZ123135,泰林转债
SZ123136,城市转债
SZ123137,锦浪转债
SZ123138,丝路转债
SZ123139,铂科转债
SZ123140,天地转债
SZ123141,宏丰转债
SZ123142,申昊转债
SZ123143,胜蓝转债
SZ123144,裕兴转债
SZ123145,药石转债
SZ123146,中环转2
SZ123147,中辰转债
SZ123148,上能转债
SZ123149,通裕转债
SZ123150,九强转债
SZ123151,康医转债
SZ123152,润禾转债
SZ123153,英力转债
SZ123154,火星转债
SZ123155,中陆转债
SZ123156,博汇转债
SZ123157,科蓝转债
SZ123158,宙邦转债
SZ123159,崧盛转债
SZ123160,泰福转债
SZ123161,强联转债
SZ123162,东杰转债
SZ123163,金沃转债
SZ123164,法本转债
SZ123165,回天转债
SZ123166,蒙泰转债
SZ123167,商络转债
SZ123168,惠云转债
SZ123169,正海转债
SZ123170,南电转债
SZ123171,共同转债
SZ123172,漱玉转债
SZ123173,恒锋转债
SZ123174,精锻转债
SZ123175,百畅转债
SZ123176,精测转2
SZ123177,测绘转债
SZ123178,花园转债
SZ123179,立高转债
SZ123180,浙矿转债
SZ123181,亚康转债
SZ123182,广联转债
SZ123183,海顺转债
SZ123184,天阳转债
SZ123185,能辉转债
SZ123186,志特转债
SZ123187,超达转债
SZ123188,水羊转债
SZ123189,晓鸣转债
SZ123190,道氏转02
SZ123191,智尚转债
SZ123192,科思转债
SZ123193,海能转债
SZ123194,百洋转债
SZ123195,蓝晓转02
SZ123196,正元转02
SZ123197,光力转债
SZ123198,金埔转债
SZ123199,山河转债
SZ123200,海泰转债
SZ123201,纽泰转债
SZ123202,祥源转债
SZ123203,明电转02
SZ123204,金丹转债
SZ123205,大叶转债
SZ123206,开能转债
SZ123207,冠中转债
SZ123208,孩王转债
SZ123209,聚隆转债
SZ123210,信服转债
SZ123211,阳谷转债
SZ123212,立中转债
SZ123213,天源转债
SZ123214,东宝转债
SZ123215,铭利转债
SZ123216,科顺转债
SZ123217,富仕转债
SZ123218,宏昌转债
SZ123219,宇瞳转债
SZ123220,易瑞转债
SZ123221,力诺转债
SZ123222,博俊转债
SZ123223,九典转02
SZ123224,宇邦转债
SZ123225,翔丰转债
SZ123226,中富转债
SZ123227,雅创转债
SZ123228,震裕转债
SZ123229,艾录转债
SZ123230,金钟转债
SZ123231,信测转债
SZ123232,金现转债
SZ123233,凯盛转债
SZ123234,中能转债
SZ123235,亿田转债
SZ123236,家联转债
SZ123237,佳禾转债
SZ123238,卡倍转02
SZ123239,锋工转债
SZ123240,楚天转债
SZ123241,欧通转债
SZ123242,赛龙转债
SZ123243,严牌转债
SZ123244,松原转债
SZ123245,集智转债
SZ123246,远信转债
SZ123247,万凯转债
SZ123248,恒辉转债
SZ123249,英搏转债
SZ123250,嘉益转债
SZ123251,华医转债
SZ123252,银邦转债
SZ123253,永贵转债
SZ123254,亿纬转债
SZ123255,鼎龙转债
SZ123256,恒帅转债
SZ123257,安克转债
SZ123258,胜蓝转02
SZ123259,锦浪转02
SZ123260,卓镁转债
SZ123261,普联转债
SZ123262,神宇转债
SZ123263,鼎捷转债
SZ123264,双乐转债
SZ123265,耐普转02
SZ123266,博士转债
SZ123267,珂玛转债
SZ123268,本川转债
SZ123269,金杨转债
SZ124004,中京定转
SZ124005,中京定02
SZ124006,高新定转
SZ124016,TCL定转1
SZ124017,TCL定转2
SZ124018,易成定转
SZ124023,铜陵定转
SZ124024,铜陵定02
SZ124025,富乐定转
SZ125002,万科转债
SZ125009,宝安转债
SZ125024,招商转债
SZ125069,侨城转债
SZ125089,深机转债
SZ125301,丝绸转债
SZ125302,茂炼转债
SZ125488,晨鸣转债
SZ125528,柳工转债
SZ125572,海马转债
SZ125629,钢钒转债
SZ125630,铜都转债
SZ125709,唐钢转债
SZ125717,韶钢转债
SZ125729,燕京转债
SZ125731,美丰转债
SZ125822,海化转债
SZ125887,中鼎转债
SZ125898,鞍钢转债
SZ125930,丰原转债
SZ125932,华菱转债
SZ125936,华西转债
SZ125937,金牛转债
SZ125959,首钢转债
SZ125960,锡业转债
SZ125969,安泰转债
SZ126002,万科转2
SZ126301,丝绸转2
SZ126630,铜陵转债
SZ126729,燕京转债
SZ127001,海直转债
SZ127002,徐工转债
SZ127003,海印转债
SZ127004,模塑转债
SZ127005,长证转债
SZ127006,敖东转债
SZ127007,湖广转债
SZ127008,特发转债
SZ127009,冰轮转债
SZ127010,平银转债
SZ127011,中鼎转2
SZ127012,招路转债
SZ127013,创维转债
SZ127014,北方转债
SZ127015,希望转债
SZ127016,鲁泰转债
SZ127017,万青转债
SZ127018,本钢转债
SZ127019,国城转债
SZ127020,中金转债
SZ127021,特发转2
SZ127022,恒逸转债
SZ127023,华菱转2
SZ127024,盈峰转债
SZ127025,冀东转债
SZ127026,超声转债
SZ127027,能化转债
SZ127028,英特转债
SZ127029,中钢转债
SZ127030,盛虹转债
SZ127031,洋丰转债
SZ127032,苏行转债
SZ127033,中装转2
SZ127034,绿茵转债
SZ127035,濮耐转债
SZ127036,三花转债
SZ127037,银轮转债
SZ127038,国微转债
SZ127039,北港转债
SZ127040,国泰转债
SZ127041,弘亚转债
SZ127042,嘉美转债
SZ127043,川恒转债
SZ127044,蒙娜转债
SZ127045,牧原转债
SZ127046,百润转债
SZ127047,帝欧转债
SZ127048,中大转债
SZ127049,希望转2
SZ127050,麒麟转债
SZ127051,博杰转债
SZ127052,西子转债
SZ127053,豪美转债
SZ127054,双箭转债
SZ127055,精装转债
SZ127056,中特转债
SZ127057,盘龙转债
SZ127058,科伦转债
SZ127059,永东转2
SZ127060,湘佳转债
SZ127061,美锦转债
SZ127062,垒知转债
SZ127063,贵轮转债
SZ127064,杭氧转债
SZ127065,瑞鹄转债
SZ127066,科利转债
SZ127067,恒逸转2
SZ127068,顺博转债
SZ127069,小熊转债
SZ127070,大中转债
SZ127071,天箭转债
SZ127072,博实转债
SZ127073,天赐转债
SZ127074,麦米转2
SZ127075,百川转2
SZ127076,中宠转2
SZ127077,华宏转债
SZ127078,优彩转债
SZ127079,华亚转债
SZ127080,声迅转债
SZ127081,中旗转债
SZ127082,亚科转债
SZ127083,山路转债
SZ127084,柳工转2
SZ127085,韵达转债
SZ127086,恒邦转债
SZ127087,星帅转2
SZ127088,赫达转债
SZ127089,晶澳转债
SZ127090,兴瑞转债
SZ127091,科数转债
SZ127092,运机转债
SZ127093,章鼓转债
SZ127094,红墙转债
SZ127095,广泰转债
SZ127096,泰坦转债
SZ127097,三羊转债
SZ127098,欧晶转债
SZ127099,盛航转债
SZ127100,神码转债
SZ127101,豪鹏转债
SZ127102,浙建转债
SZ127103,东南转债
SZ127104,姚记转债
SZ127105,龙星转债
SZ127106,伟隆转债
SZ127107,领益转债
SZ127108,太能转债
SZ127109,电化转债
SZ127110,广核转债
SZ127111,金威转债
SZ127112,尚太转债
SZ127113,长高转债
SZ128001,泰尔转债
SZ128002,东华转债
SZ128003,华天转债
SZ128004,久立转债
SZ128005,齐翔转债
SZ128006,长青转债
SZ128007,通鼎转债
SZ128008,齐峰转债
SZ128009,歌尔转债
SZ128010,蔚蓝转债
SZ128011,汽模转债
SZ128012,辉丰转债
SZ128013,洪涛转债
SZ128014,永东转债
SZ128015,久其转债
SZ128016,雨虹转债
SZ128017,金禾转债
SZ128018,时达转债
SZ128019,久立转2
SZ128020,水晶转债
SZ128021,兄弟转债
SZ128022,众信转债
SZ128023,亚太转债
SZ128024,宁行转债
SZ128025,特一转债
SZ128026,众兴转债
SZ128027,崇达转债
SZ128028,赣锋转债
SZ128029,太阳转债
SZ128030,天康转债
SZ128031,巨轮转债
SZ128032,双环转债
SZ128033,迪龙转债
SZ128034,江银转债
SZ128035,大族转债
SZ128036,金农转债
SZ128037,岩土转债
SZ128038,利欧转债
SZ128039,三力转债
SZ128040,华通转债
SZ128041,盛路转债
SZ128042,凯中转债
SZ128043,东音转债
SZ128044,岭南转债
SZ128045,机电转债
SZ128046,利尔转债
SZ128047,光电转债
SZ128048,张行转债
SZ128049,华源转债
SZ128050,钧达转债
SZ128051,光华转债
SZ128052,凯龙转债
SZ128053,尚荣转债
SZ128054,中宠转债
SZ128055,长青转2
SZ128056,今飞转债
SZ128057,博彦转债
SZ128058,拓邦转债
SZ128059,视源转债
SZ128060,中装转债
SZ128061,启明转债
SZ128062,亚药转债
SZ128063,未来转债
SZ128064,司尔转债
SZ128065,雅化转债
SZ128066,亚泰转债
SZ128067,一心转债
SZ128068,和而转债
SZ128069,华森转债
SZ128070,智能转债
SZ128071,合兴转债
SZ128072,翔鹭转债
SZ128073,哈尔转债
SZ128074,游族转债
SZ128075,远东转债
SZ128076,金轮转债
SZ128077,华夏转债
SZ128078,太极转债
SZ128079,英联转债
SZ128080,顺丰转债
SZ128081,海亮转债
SZ128082,华锋转债
SZ128083,新北转债
SZ128084,木森转债
SZ128085,鸿达转债
SZ128086,国轩转债
SZ128087,孚日转债
SZ128088,深南转债
SZ128089,麦米转债
SZ128090,汽模转2
SZ128091,新天转债
SZ128092,唐人转债
SZ128093,百川转债
SZ128094,星帅转债
SZ128095,恩捷转债
SZ128096,奥瑞转债
SZ128097,奥佳转债
SZ128098,康弘转债
SZ128099,永高转债
SZ128100,搜特转债
SZ128101,联创转债
SZ128102,海大转债
SZ128103,同德转债
SZ128104,裕同转债
SZ128105,长集转债
SZ128106,华统转债
SZ128107,交科转债
SZ128108,蓝帆转债
SZ128109,楚江转债
SZ128110,永兴转债
SZ128111,中矿转债
SZ128112,歌尔转2
SZ128113,比音转债
SZ128114,正邦转债
SZ128115,巨星转债
SZ128116,瑞达转债
SZ128117,道恩转债
SZ128118,瀛通转债
SZ128119,龙大转债
SZ128120,联诚转债
SZ128121,宏川转债
SZ128122,兴森转债
SZ128123,国光转债
SZ128124,科华转债
SZ128125,华阳转债
SZ128126,赣锋转2
SZ128127,文科转债
SZ128128,齐翔转2
SZ128129,青农转债
SZ128130,景兴转债
SZ128131,崇达转2
SZ128132,交建转债
SZ128133,奇正转债
SZ128134,鸿路转债
SZ128135,洽洽转债
SZ128136,立讯转债
SZ128137,洁美转债
SZ128138,侨银转债
SZ128139,祥鑫转债
SZ128140,润建转债
SZ128141,旺能转债
SZ128142,新乳转债
SZ128143,锋龙转债
SZ128144,利民转债
SZ128145,日丰转债
SZ128233,塔牌转债
SZ129031,巨轮转2
SZ159001,易方达保证金货币A
SZ159003,招商保证金快线A
SZ159005,汇添富收益快钱货币A
SZ159007,华泰柏瑞中证畜牧养殖产业ETF
SZ159008,景顺长城中证全指证券公司ETF
SZ159009,易方达创业板新能源ETF
SZ159010,博时恒生港股通科技主题ETF
SZ159013,大成中证工业互联网主题ETF
SZ159015,国联恒生港股通科技ETF
SZ159016,广发中证证券公司30ETF
SZ159017,工银瑞信国证石油天然气ETF
SZ159018,广发国证石油天然气ETF
SZ159019,华宝国证石油天然气ETF
SZ159020,易方达中证畜牧养殖产业ETF
SZ159021,华夏国证大盘价值ETF
SZ159022,富国中证科创创业人工智能ETF
SZ159026,南方国证石油天然气ETF
SZ159027,大成中证畜牧养殖产业ETF
SZ159028,天弘恒生港股通汽车主题ETF
SZ159030,华夏国证粮食产业ETF
SZ159032,易方达中证工业有色金属主题ETF
SZ159035,天弘中证软件服务ETF
SZ159100,华夏布拉德斯科巴西伊博维斯帕ETF(QDII)
SZ159101,华夏国证港股通科技ETF
SZ159102,华安恒生生物科技ETF
SZ159103,汇添富中证金融科技主题ETF
SZ159105,易方达恒生生物科技ETF
SZ159106,前海开源中证民企300ETF
SZ159107,富国创业板软件ETF
SZ159108,博时工业软件ETF
SZ159109,景顺长城恒生港股通50ETF
SZ159110,万家深证AAA科技创新公司债ETF
SZ159111,天弘中证AAA科技创新公司债ETF
SZ159112,银华中证AAA科技创新公司债ETF
SZ159113,大成中证AAA科技创新公司债ETF
SZ159115,华安中证AAA科技创新公司债ETF
SZ159116,工银瑞信中证AAA科技创新公司债ETF
SZ159117,鹏华港股通低波红利ETF
SZ159118,华夏标普港股通低波红利ETF
SZ159119,招商中证800自由现金流ETF
SZ159120,国联安港股通科技ETF
SZ159121,易方达恒生港股通汽车主题ETF
SZ159122,富国创业板新能源ETF
SZ159123,嘉实中证光伏产业ETF
SZ159125,招商国证港股通科技ETF
SZ159126,南方中证港股通50ETF
SZ159127,南方中证港股通高股息投资ETF
SZ159128,天弘国证港股通科技ETF
SZ159129,嘉实中证细分化工产业主题ETF
SZ159130,鹏华恒生生物科技ETF
SZ159131,华宝中证港股通信息技术综合ETF
SZ159132,富国恒生生物科技ETF
SZ159133,天弘中证细分化工产业主题ETF
SZ159135,前海开源恒生港股通科技主题ETF
SZ159136,广发中证A50ETF
SZ159137,华宝中证港股通医疗主题ETF
SZ159138,易方达中证工程机械主题ETF
SZ159139,华泰柏瑞中证科创创业人工智能ETF
SZ159140,易方达中证科创创业人工智能ETF
SZ159141,永赢中证科创创业人工智能ETF
SZ159142,景顺长城中证科创创业人工智能ETF
SZ159143,平安恒生中国央企红利ETF
SZ159145,广发国证工业软件主题ETF
SZ159146,华宝中证全指电力公用事业ETF
SZ159147,南方中证电池主题ETF
SZ159148,富国国证石油天然气ETF
SZ159149,工银瑞信创业板新能源ETF
SZ159150,易方达深证50ETF
SZ159151,华夏中证全指食品ETF
SZ159152,平安恒生港股通科技主题ETF
SZ159153,鹏华国证消费电子主题ETF
SZ159155,大成中证电池主题ETF
SZ159156,万家国证新能源车电池ETF
SZ159157,天弘中证工业有色金属主题ETF
SZ159158,景顺长城中证全指电力公用事业ETF
SZ159159,国投瑞银中证全指公用事业ETF
SZ159160,电池ETF东财
SZ159162,鹏华中证工业有色金属主题ETF
SZ159163,泰康中证有色金属矿业主题ETF
SZ159165,永赢中证畜牧养殖产业ETF
SZ159166,长城国证自由现金流ETF
SZ159167,工银瑞信中证港股通医疗主题ETF
SZ159168,富国中证工业有色金属主题ETF
SZ159169,广发恒生生物科技ETF
SZ159170,永赢国证港股通互联网ETF
SZ159171,博时中证工业有色金属主题ETF
SZ159172,汇添富中证畜牧养殖产业ETF
SZ159173,南方中证全指农牧渔ETF
SZ159175,易方达中证电池主题ETF
SZ159176,华宝中证全指家用电器ETF
SZ159177,鹏华中证工程机械主题ETF
SZ159178,汇添富国证消费电子主题ETF
SZ159179,工银瑞信中证港股通互联网ETF
SZ159180,银华国证工业软件主题ETF
SZ159181,易方达国证石油天然气ETF
SZ159182,南方中证全指家用电器ETF
SZ159183,招商中证新能源汽车ETF
SZ159185,鹏华中证港股通信息技术综合ETF
SZ159186,鹏华恒生港股通汽车主题ETF
SZ159187,景顺长城创业板新能源ETF
SZ159188,景顺长城标普中国A股红利100ETF
SZ159189,华夏国证石油天然气ETF
SZ159190,天弘创业板新能源ETF
SZ159191,易方达国证港股通科技ETF
SZ159192,汇添富中证家电龙头ETF
SZ159193,银华国证新能源电池ETF
SZ159195,华安国证石油天然气ETF
SZ159196,易方达中证港股通信息技术综合ETF
SZ159197,招商国证石油天然气ETF
SZ159198,富国中证港股通信息技术综合ETF
SZ159199,平安国证石油天然气ETF
SZ159200,富国中证AAA科技创新公司债ETF
SZ159201,华夏国证自由现金流ETF
SZ159202,万家恒生互联网科技业ETF(QDII)
SZ159203,博时国证大盘成长ETF
SZ159205,创业板ETF东财
SZ159206,永赢国证商用卫星ETF
SZ159207,广发中证智选高股息策略ETF
SZ159208,万家国证航天航空行业ETF
SZ159209,招商中证全指红利质量ETF
SZ159210,汇添富中证港股通汽车产业主题ETF
SZ159211,富国深证100ETF
SZ159212,南方深证100ETF
SZ159213,汇添富中证机器人ETF
SZ159215,平安中证A500ETF
SZ159216,大成深证100ETF
SZ159217,工银国证港股通创新药ETF
SZ159218,招商中证卫星产业ETF
SZ159219,融通深证100ETF
SZ159220,华宝标普港股通低波红利ETF
SZ159221,嘉实国证自由现金流ETF
SZ159222,易方达国证自由现金流ETF
SZ159223,永赢国证自由现金流ETF
SZ159225,银华国证自由现金流ETF
SZ159226,国泰中证A500增强策略ETF
SZ159227,华夏国证航天航空行业ETF
SZ159228,长城中证红利低波100ETF
SZ159229,广发中证800自由现金流ETF
SZ159230,华夏国证通用航空产业ETF
SZ159231,华宝国证通用航空产业ETF
SZ159232,南方中证全指自由现金流ETF
SZ159233,平安中证全指自由现金流ETF
SZ159235,大成中证全指自由现金流ETF
SZ159236,工银瑞信中证全指自由现金流ETF
SZ159237,工银瑞信中证港股通汽车产业ETF
SZ159238,景顺长城沪深300增强策略ETF
SZ159239,富国恒生港股通汽车主题ETF
SZ159240,天弘中证A500增强策略ETF
SZ159241,天弘国证航天航空行业ETF
SZ159242,大成创业板人工智能ETF
SZ159243,招商创业板人工智能ETF
SZ159245,富国国证港股通消费主题ETF
SZ159246,富国创业板人工智能ETF
SZ159247,汇添富创业板ETF
SZ159248,万家中证人工智能主题ETF
SZ159249,工银瑞信中证A500增强策略ETF
SZ159251,万家国证港股通科技ETF
SZ159253,博时中证银行ETF
SZ159255,易方达国证通用航空产业ETF
SZ159256,华夏创业板软件ETF
SZ159257,汇添富国证通用航空产业ETF
SZ159258,南方中证机器人ETF
SZ159259,易方达国证成长100ETF
SZ159260,博时证券公司ETF
SZ159261,鹏华创业板新能源ETF
SZ159262,广发恒生港股通科技主题ETF
SZ159263,易方达国证价值100ETF
SZ159265,鹏华国证港股通消费主题ETF
SZ159266,永赢中证港股通央企红利ETF
SZ159267,华安国证航天航空行业ETF
SZ159268,汇添富国证港股通消费主题ETF
SZ159269,南方中证港股通科技ETF
SZ159270,南方创业板中盘200ETF
SZ159271,鹏华恒生ETF
SZ159272,富国国证机器人产业ETF
SZ159273,汇添富中证沪港深云计算产业ETF
SZ159275,华宝中证全指农牧渔ETF
SZ159276,汇添富国证自由现金流ETF
SZ159277,富国中证港股通高股息投资ETF
SZ159278,鹏华国证机器人产业ETF
SZ159279,华安创业板人工智能ETF
SZ159280,汇添富国证港股通互联网ETF
SZ159281,天弘中证港股通央企红利ETF
SZ159283,南方中证通用航空主题ETF
SZ159285,华安国证港股通消费主题ETF
SZ159286,鹏华国证港股通创新药ETF
SZ159287,博时创业板综合ETF
SZ159288,银华创业板综ETF
SZ159289,鹏华创业板综合ETF
SZ159290,创业板综指增强ETF东财
SZ159291,招商创业板综合增强策略ETF
SZ159292,华宝创业板综合增强策略ETF
SZ159293,建信创业板综合增强策略ETF
SZ159295,西部利得创业板综合ETF
SZ159296,华宝中证A500红利低波动ETF
SZ159297,南方国证港股通创新药ETF
SZ159298,大成创业板50ETF
SZ159299,易方达中证金融科技主题ETF
SZ159300,富国沪深300ETF
SZ159301,华夏中证全指公用事业ETF
SZ159302,银华中证港股高股息ETF
SZ159303,大成恒生医疗保健ETF(QDII)
SZ159305,广发国证新能源电池ETF
SZ159306,平安中证汽车零部件主题ETF
SZ159307,博时中证红利低波100ETF
SZ159309,汇添富中证油气资源ETF
SZ159310,天弘中证芯片产业ETF
SZ159311,易方达中证数字经济主题ETF
SZ159312,广发恒指港股通ETF
SZ159315,工银瑞信中证沪深港黄金产业股票ETF
SZ159316,易方达恒生港股通创新药ETF
SZ159318,银华恒指港股通ETF
SZ159320,广发恒生A股电网设备ETF
SZ159321,华安中证沪深港黄金产业股票ETF
SZ159322,平安中证沪深港黄金产业ETF
SZ159323,华夏中证港股通汽车产业主题ETF
SZ159325,南方中证半导体行业精选ETF
SZ159326,华夏中证电网设备主题ETF
SZ159327,万家中证半导体材料设备主题ETF
SZ159328,易方达中证家电龙头ETF
SZ159329,南方基金南方东英沙特阿拉伯ETF(QDII)
SZ159330,沪深300ETF基金
SZ159331,国泰中证港股通高股息投资ETF
SZ159332,富国中证中央企业红利ETF
SZ159333,万家中证港股通央企红利ETF
SZ159335,融通中证诚通央企科技创新ETF
SZ159336,融通中证诚通央企红利ETF
SZ159337,中证500ETF基金
SZ159338,国泰中证A500ETF
SZ159339,银华中证A500ETF
SZ159350,富国深证50ETF
SZ159351,嘉实中证A500ETF
SZ159352,南方中证A500ETF
SZ159353,景顺长城中证A500ETF
SZ159355,华宝中证800红利低波动ETF
SZ159356,万家中证A500ETF
SZ159357,博时中证A500ETF
SZ159358,大成中证A500ETF
SZ159359,华安中证A500ETF
SZ159360,天弘中证A500ETF
SZ159361,易方达中证A500ETF
SZ159362,工银中证A500ETF
SZ159363,华宝创业板人工智能ETF
SZ159365,富国恒指港股通ETF
SZ159366,永赢中证港股通医疗主题ETF
SZ159367,华夏创业板50ETF
SZ159368,华夏创业板新能源ETF
SZ159369,易方达创业板50ETF
SZ159370,工银瑞信创业板50ETF
SZ159371,富国创业板50ETF
SZ159372,万家创业板50ETF
SZ159373,嘉实创业板50ETF
SZ159375,国泰创业板50ETF
SZ159376,浦银安盛中证A500ETF
SZ159377,国泰创业板医药卫生ETF
SZ159378,永赢国证通用航空产业ETF
SZ159379,融通中证A500ETF
SZ159380,A500ETF东财
SZ159381,华夏创业板人工智能ETF
SZ159382,南方创业板人工智能ETF
SZ159383,华泰柏瑞创业板50ETF
SZ159385,富国中证诚通国企数字经济ETF
SZ159386,永赢中证A500ETF
SZ159387,国泰创业板新能源ETF
SZ159388,国泰创业板人工智能ETF
SZ159389,嘉实中证诚通国企数字经济ETF
SZ159390,国联中证A50ETF
SZ159391,博时国证大盘价值ETF
SZ159392,富国国证通用航空产业ETF
SZ159393,万家沪深300ETF
SZ159395,大成深证基准做市信用债ETF
SZ159396,博时深证基准做市信用债ETF
SZ159397,广发深证基准做市信用债ETF
SZ159398,天弘深证基准做市信用债ETF
SZ159399,国泰富时中国A股自由现金流聚焦ETF
SZ159400,景顺长城深证AAA科技创新公司债ETF
SZ159500,富国中证500ETF
SZ159501,嘉实纳斯达克100ETF(QDII)
SZ159502,嘉实标普生物科技精选行业ETF(QDII)
SZ159505,博时国证2000ETF
SZ159506,富国恒生港股通创新药及医疗保健ETF
SZ159507,广发国证通信ETF
SZ159508,华安国证生物医药ETF
SZ159509,景顺长城纳斯达克科技ETF(QDII)
SZ159510,华夏中证智选300价值稳健策略ETF
SZ159511,南方中证通信服务ETF
SZ159512,广发中证全指汽车ETF
SZ159513,大成纳斯达克100ETF(QDII)
SZ159515,鹏扬中证国有企业红利ETF
SZ159516,国泰中证半导体材料设备主题ETF
SZ159517,银华中证800增强策略ETF
SZ159518,嘉实标普石油天然气勘探及生产精选行业ETF(QDII)
SZ159519,国泰中证香港内地国有企业ETF(QDII)
SZ159520,工银中证消费龙头ETF
SZ159521,平安国证2000ETF
SZ159523,华夏中证智选300成长创新策略ETF
SZ159525,富国中证红利低波动ETF
SZ159526,嘉实中证机器人ETF
SZ159527,广发中证云计算与大数据ETF
SZ159528,富国中证国有企业改革ETF
SZ159529,景顺长城标普消费精选ETF(QDII)
SZ159530,易方达国证机器人产业ETF
SZ159531,南方中证2000ETF
SZ159532,易方达中证2000ETF
SZ159533,博时中证2000ETF
SZ159535,嘉实中证2000ETF
SZ159536,汇添富中证2000ETF
SZ159537,国泰国证信息技术创新主题ETF
SZ159538,富国国证信息技术创新主题ETF
SZ159539,广发国证信创ETF
SZ159540,易方达国证信息技术创新主题ETF
SZ159541,万家创业板综合ETF
SZ159542,大成中证工程机械ETF
SZ159543,工银国证2000ETF
SZ159545,易方达恒生港股通高股息低波动ETF
SZ159546,国泰中证全指集成电路ETF
SZ159547,华夏中证红利低波动ETF
SZ159549,天弘中证红利低波动100ETF
SZ159550,互联网ETF沪港深
SZ159551,国泰中证机器人ETF
SZ159552,招商中证2000增强策略ETF
SZ159553,海富通中证2000增强策略ETF
SZ159555,银华中证2000增强策略ETF
SZ159556,平安中证2000增强策略ETF
SZ159557,嘉实恒生医疗保健ETF(QDII)
SZ159558,易方达中证半导体材料设备主题ETF
SZ159559,景顺长城国证机器人产业ETF
SZ159560,景顺长城中证芯片产业ETF
SZ159561,嘉实德国DAXETF(QDII)
SZ159562,华夏中证沪深港黄金产业股票ETF
SZ159563,华夏创业板综合ETF
SZ159565,易方达中证汽车零部件主题ETF
SZ159566,易方达国证新能源电池ETF
SZ159567,银华国证港股通创新药ETF
SZ159568,博时港股通互联网ETF
SZ159569,景顺长城国证港股通红利低波动率ETF
SZ159570,汇添富国证港股通创新药ETF
SZ159571,富国创业板中盘200ETF
SZ159572,易方达创业板中盘200ETF
SZ159573,华夏创业板中盘200ETF
SZ159575,银华创业板中盘200ETF
SZ159576,广发深证100ETF
SZ159577,汇添富MSCI美国50ETF
SZ159578,南方深证主板50ETF
SZ159581,万家中证红利ETF
SZ159582,博时中证半导体产业ETF
SZ159583,富国中证通信设备主题ETF
SZ159586,南方中证全指计算机ETF
SZ159587,广发国证粮食产业ETF
SZ159588,景顺长城国证石油天然气ETF
SZ159589,广发中证红利ETF
SZ159590,汇添富中证全指软件ETF
SZ159591,富国中证A50ETF
SZ159592,银华中证A50ETF
SZ159593,平安中证A50ETF
SZ159595,大成中证A50ETF
SZ159596,华宝中证A50ETF
SZ159597,易方达创业板成长ETF
SZ159599,芯片ETF基金
SZ159600,嘉实中证AAA科技创新公司债ETF
SZ159601,华夏MSCI中国A50互联互通ETF
SZ159602,南方MSCI中国A50互联互通ETF
SZ159603,天弘中证科创创业50ETF
SZ159605,广发中证海外中国互联网30(QDII-ETF)
SZ159606,易方达中证500质量成长ETF
SZ159607,嘉实中证海外中国互联网30ETF(QDII)
SZ159608,广发中证稀有金属主题ETF
SZ159609,浦银安盛中证光伏产业ETF
SZ159610,景顺长城中证500增强策略ETF
SZ159611,广发中证全指电力公用事业ETF
SZ159612,国泰标普500(QDII-ETF)
SZ159613,嘉实中证信息安全主题ETF
SZ159615,南方恒生生物科技ETF(QDII)
SZ159616,建信中证农牧主题ETF
SZ159617,华夏中证智选500价值稳健策略ETF
SZ159618,华安中证光伏产业ETF
SZ159619,国泰中证基建ETF
SZ159620,华夏中证智选500成长创新策略ETF
SZ159621,国泰MSCI中国A股ESG通用ETF
SZ159622,创新药ETF沪港深
SZ159623,博时成渝经济圈ETF
SZ159625,嘉实国证绿色电力ETF
SZ159627,华夏中证A100ETF
SZ159628,万家国证2000ETF
SZ159629,富国中证1000ETF
SZ159630,汇添富中证A100ETF
SZ159631,招商中证A100ETF
SZ159632,华安纳斯达克100ETF(QDII)
SZ159633,易方达中证1000ETF
SZ159635,华夏中证基建ETF
SZ159636,工银瑞信国证港股通科技30ETF
SZ159637,新能源车龙头ETF
SZ159638,嘉实中证高端装备细分50ETF
SZ159639,南方中证上海环交所碳中和ETF
SZ159640,工银瑞信中证上海环交所碳中和ETF
SZ159641,招商中证上海环交所碳中和ETF
SZ159642,大成中证上海环交所碳中和ETF
SZ159643,国泰国证疫苗与生物科技ETF
SZ159645,富国国证疫苗与生物科技ETF
SZ159647,鹏华中证中药ETF
SZ159649,华安中债1-5年国开债ETF
SZ159650,博时中债0-3年国开行ETF
SZ159651,平安中债-0-3年国开行债券ETF
SZ159652,汇添富中证细分有色金属产业主题ETF
SZ159653,国联安国证ESG300ETF
SZ159655,华夏标普500ETF(QDII)
SZ159656,万家沪深300成长ETF
SZ159657,鹏华国证疫苗与生物科技ETF
SZ159658,华安中证数字经济主题ETF
SZ159659,招商纳斯达克100ETF(QDII)
SZ159660,汇添富纳斯达克100ETF
SZ159661,嘉实中证A100ETF
SZ159662,南方国证交通运输行业ETF
SZ159663,华夏中证机床ETF
SZ159665,工银瑞信国证半导体芯片ETF
SZ159666,华夏中证全指运输ETF
SZ159667,国泰中证机床ETF
SZ159669,国泰国证绿色电力ETF
SZ159670,国联安中证消费50ETF
SZ159671,工银瑞信中证稀有金属主题ETF
SZ159672,博时主要消费ETF
SZ159673,鹏华沪深300ETF
SZ159675,嘉实创业板增强策略ETF
SZ159676,富国创业板增强策略ETF
SZ159677,银华中证1000增强策略ETF
SZ159678,博时中证500增强策略ETF
SZ159679,国泰中证1000增强策略ETF
SZ159680,招商中证1000增强策略ETF
SZ159681,鹏华创业板50ETF
SZ159682,景顺长城创业板50ETF
SZ159685,天弘中证1000增强策略ETF
SZ159686,易方达中证A100ETF
SZ159687,南方基金南方东英富时亚太精选ETF(QDII)
SZ159688,华安恒生互联网科技业ETF(QDII)
SZ159689,南方中证主要消费ETF
SZ159690,招商中证有色金属矿业主题ETF
SZ159691,工银瑞信中证港股通高股息精选ETF
SZ159692,证券ETF东财
SZ159695,嘉实国证通信ETF
SZ159696,易方达纳斯达克100ETF(QDII)
SZ159697,鹏华国证石油天然气ETF
SZ159698,鹏华国证粮食产业ETF
SZ159699,广发恒生消费(QDII-ETF)
SZ159700,南方中证AAA科技创新公司债ETF
SZ159701,招商中证物联网主题ETF
SZ159703,天弘中证新材料主题ETF
SZ159706,华安深证100ETF
SZ159707,华宝中证800地产ETF
SZ159708,西部利得深证红利ETF
SZ159709,工银瑞信深证物联网50ETF
SZ159711,华夏中证港股通50ETF
SZ159712,国泰中证港股通50ETF
SZ159713,富国中证稀土产业ETF
SZ159715,易方达中证稀土产业ETF
SZ159716,华宝深证100ETF
SZ159717,鹏华国证ESG300ETF
SZ159718,平安中证港股通医药卫生综合ETF
SZ159719,平安富时中国国企开放共赢ETF
SZ159720,泰康中证智能电动汽车ETF
SZ159721,永赢深证100ETF
SZ159723,汇添富中证沪港深科技龙头ETF
SZ159725,工银瑞信中证线上消费ETF
SZ159726,华夏恒生港股通中国内地企业高股息率ETF
SZ159728,南方国证在线消费ETF
SZ159729,汇添富中证沪港深互联网ETF
SZ159730,博时国证龙头家电ETF
SZ159731,华夏中证石化产业ETF
SZ159732,华夏国证消费电子主题ETF
SZ159735,银华中证港股通消费主题ETF
SZ159736,天弘中证食品饮料ETF
SZ159738,华泰柏瑞中证沪港深云计算产业ETF
SZ159739,鹏华中证云计算与大数据主题ETF
SZ159740,大成恒生科技ETF(QDII)
SZ159741,嘉实恒生科技ETF(QDII)
SZ159742,博时恒生科技ETF(QDII)
SZ159743,博时湖北新旧动能转换ETF
SZ159745,国泰中证全指建筑材料ETF
SZ159747,南方中证香港科技ETF(QDII)
SZ159748,富国中证沪港深创新药产业ETF
SZ159750,招商中证香港科技ETF(QDII)
SZ159751,鹏华中证港股通科技ETF
SZ159752,申万菱信中证内地新能源主题ETF
SZ159755,广发国证新能源车电池ETF
SZ159757,景顺长城国证新能源车电池ETF
SZ159758,华夏中证红利质量ETF
SZ159760,泰康国证公共卫生与医疗健康ETF
SZ159761,国泰中证新材料主题ETF
SZ159763,建信中证新材料主题ETF
SZ159766,富国中证旅游主题ETF
SZ159767,兴银国证新能源车电池ETF
SZ159768,银华中证内地地产主题ETF
SZ159770,天弘中证机器人ETF
SZ159773,华泰柏瑞创业板科技ETF
SZ159775,建信国证新能源车电池ETF
SZ159776,银华中证港股通医药卫生综合ETF
SZ159777,国联安创科技ETF
SZ159778,鹏华中证工业互联网主题ETF
SZ159779,招商中证消费电子主题ETF
SZ159780,南方中证科创创业50ETF
SZ159781,易方达中证科创创业50ETF
SZ159782,银华中证科创创业50ETF
SZ159783,华夏中证科创创业50ETF
SZ159786,银华中证虚拟现实主题ETF
SZ159787,易方达中证全指建筑材料ETF
SZ159788,易方达中证港股通中国100ETF
SZ159790,华夏中证内地低碳经济主题ETF
SZ159791,华夏沪深300ESG基准ETF
SZ159792,富国中证港股通互联网ETF
SZ159793,平安中证沪港深线上消费主题ETF
SZ159795,汇添富中证智能汽车主题ETF
SZ159796,汇添富中证电池主题ETF
SZ159797,汇添富中证全指医疗器械ETF
SZ159798,易方达中证消费50ETF
SZ159800,鹏华中证800ETF
SZ159801,广发国证半导体芯片ETF
SZ159804,国寿安保创精选88ETF
SZ159805,鹏华中证传媒ETF
SZ159806,国泰中证新能源汽车ETF
SZ159807,易方达中证科技50ETF
SZ159808,融通创业板ETF
SZ159810,浦银安盛创业板ETF
SZ159811,博时中证5G产业50ETF
SZ159812,前海开源黄金ETF
SZ159813,鹏华国证半导体芯片ETF
SZ159814,西部利得创业板大盘ETF
SZ159816,鹏华中证0-4年地方政府债ETF
SZ159819,易方达中证人工智能主题ETF
SZ159820,天弘中证500ETF
SZ159821,中银证券创业板ETF
SZ159822,银华工银南方东英标普中国新经济行业ETF(QDII)
SZ159824,博时新能源汽车ETF
SZ159825,富国中证农业主题ETF
SZ159827,银华中证农业主题ETF
SZ159828,国泰中证医疗ETF
SZ159830,天弘上海金ETF
SZ159831,嘉实上海金ETF
SZ159834,南方上海金ETF
SZ159835,建信中证创新药产业ETF
SZ159836,天弘创业板300ETF
SZ159837,易方达中证生物科技主题ETF
SZ159838,博时医药50ETF
SZ159839,汇添富国证生物医药ETF
SZ159840,工银瑞信国证新能源车电池ETF
SZ159841,天弘中证全指证券公司ETF
SZ159842,银华中证全指证券公司ETF
SZ159843,招商国证食品饮料ETF
SZ159845,华夏中证1000ETF
SZ159847,易方达中证医疗ETF
SZ159848,国联安中证全指证券公司ETF
SZ159849,招商中证生物科技主题ETF
SZ159850,华夏恒生中国企业ETF(QDII)
SZ159851,华宝中证金融科技主题ETF
SZ159852,嘉实中证软件服务ETF
SZ159855,银华中证影视主题ETF
SZ159856,工银瑞信中证沪港深互联网ETF
SZ159857,天弘中证光伏产业ETF
SZ159858,南方中证创新药产业ETF
SZ159859,天弘国证生物医药ETF
SZ159861,国泰中证环保产业50ETF
SZ159862,银华中证细分食品饮料产业主题ETF
SZ159863,鹏华中证光伏产业ETF
SZ159864,国泰中证光伏产业ETF
SZ159865,国泰中证畜牧养殖ETF
SZ159866,工银瑞信大和日经225ETF(QDII)
SZ159867,鹏华中证畜牧养殖ETF
SZ159869,华夏中证动漫游戏ETF
SZ159870,鹏华中证细分化工产业ETF
SZ159871,银华中证有色金属ETF
SZ159872,鹏华中证车联网主题ETF
SZ159873,天弘中证全指医疗保健设备与服务ETF
SZ159875,嘉实中证新能源ETF
SZ159876,华宝有色金属ETF
SZ159877,南方中证全指医疗保健设备与服务ETF
SZ159880,鹏华国证有色金属行业ETF
SZ159881,国泰中证有色金属ETF
SZ159883,永赢中证全指医疗器械ETF
SZ159885,鹏华中证内地低碳经济主题ETF
SZ159886,富国中证细分机械设备产业主题ETF
SZ159887,富国中证800银行ETF
SZ159888,华夏中证智能汽车主题ETF
SZ159889,国泰中证智能汽车主题ETF
SZ159890,招商中证云计算ETF
SZ159891,建信中证全指医疗保健设备与服务ETF
SZ159892,华夏恒生生物科技ETF(QDII)
SZ159895,易方达中证物联网主题ETF
SZ159896,南方中证物联网主题ETF
SZ159898,招商中证全指医疗器械ETF
SZ159899,招商中证全指软件ETF
SZ159901,易方达深证100ETF
SZ159902,华夏中小企业100ETF
SZ159903,南方深证成份ETF
SZ159905,工银深证红利ETF
SZ159906,大成深证成长40ETF
SZ159907,广发国证2000ETF
SZ159908,博时创业板ETF
SZ159909,招商深证TMT50ETF
SZ159910,嘉实深证基本面120ETF
SZ159912,汇添富深证300ETF
SZ159913,交银深证300价值ETF
SZ159915,易方达创业板ETF
SZ159916,建信深证基本面60ETF
SZ159918,嘉实中创400ETF
SZ159919,嘉实沪深300ETF
SZ159920,华夏恒生ETF(QDII)
SZ159922,嘉实中证500ETF
SZ159923,大成中证A100ETF
SZ159925,南方沪深300ETF
SZ159928,汇添富中证主要消费ETF
SZ159929,汇添富中证医药卫生ETF
SZ159930,汇添富中证能源ETF
SZ159931,汇添富中证金融地产ETF
SZ159933,国投瑞银金融地产ETF
SZ159934,易方达黄金ETF
SZ159935,景顺长城中证500ETF
SZ159936,广发中证全指可选消费ETF
SZ159937,博时黄金ETF
SZ159938,广发中证全指医药卫生ETF
SZ159939,广发中证全指信息技术ETF
SZ159940,广发中证全指金融地产ETF
SZ159941,广发纳指100ETF
SZ159943,大成深证成份ETF
SZ159944,广发中证全指原材料ETF
SZ159945,广发中证全指能源ETF
SZ159948,南方创业板ETF
SZ159949,华安创业板50ETF
SZ159952,广发创业板ETF
SZ159954,南方恒生中国企业ETF
SZ159956,建信创业板ETF
SZ159957,华夏创业板ETF
SZ159958,工银瑞信创业板ETF
SZ159959,银华中证央企结构调整ETF
SZ159960,平安港股通恒生中国企业ETF
SZ159961,方正富邦深证100ETF
SZ159964,平安创业板ETF
SZ159965,国联央视财经50ETF
SZ159966,华夏创业板低波价值ETF
SZ159967,华夏创成长ETF
SZ159968,博时中证500ETF
SZ159969,银华深证100ETF
SZ159970,工银瑞信深证100ETF
SZ159971,富国创业板ETF
SZ159972,鹏华中证5年期地方政府债ETF
SZ159973,弘毅远方国证民企领先100ETF
SZ159974,富国央企创新ETF
SZ159975,招商深证100ETF
SZ159976,工银瑞信粤港澳大湾区创新100ETF
SZ159977,天弘创业板ETF
SZ159980,大成有色金属期货ETF
SZ159981,建信能源化工期货ETF
SZ159982,鹏华中证500ETF
SZ159985,华夏饲料豆粕期货ETF
SZ159991,招商创业板大盘ETF
SZ159992,银华中证创新药产业ETF
SZ159993,鹏华国证证券龙头ETF
SZ159994,银华中证5G通信主题ETF
SZ159995,华夏国证半导体芯片ETF
SZ159996,国泰中证全指家用电器ETF
SZ159997,天弘中证电子ETF
SZ159998,天弘中证计算机主题ETF
SZ300001,特锐德
SZ300002,神州泰岳
SZ300003,乐普医疗
SZ300004,南风股份
SZ300005,探路者
SZ300006,莱美药业
SZ300007,汉威科技
SZ300008,天海防务
SZ300009,安科生物
SZ300010,ST豆神
SZ300011,鼎汉技术
SZ300012,华测检测
SZ300013,新宁物流
SZ300014,亿纬锂能
SZ300015,爱尔眼科
SZ300016,北陆药业
SZ300017,网宿科技
SZ300018,中元股份
SZ300019,硅宝科技
SZ300020,ST银江
SZ300021,大禹节水
SZ300022,吉峰科技
SZ300023,宝德退
SZ300024,机器人
SZ300025,华星创业
SZ300026,红日药业
SZ300027,ST华谊
SZ300028,金亚退
SZ300029,*ST天龙
SZ300030,阳普医疗
SZ300031,宝通科技
SZ300032,金龙机电
SZ300033,同花顺
SZ300034,钢研高纳
SZ300035,中科电气
SZ300036,超图软件
SZ300037,新宙邦
SZ300038,数知退
SZ300039,上海凯宝
SZ300040,九洲集团
SZ300041,回天新材
SZ300042,朗科科技
SZ300043,星辉娱乐
SZ300044,*ST赛为
SZ300045,华力创通
SZ300046,台基股份
SZ300047,天源迪科
SZ300048,合康新能
SZ300049,福瑞医科
SZ300050,世纪鼎利
SZ300051,琏升科技
SZ300052,中青宝
SZ300053,航宇微
SZ300054,鼎龙股份
SZ300055,万邦达
SZ300056,中创环保
SZ300057,万顺新材
SZ300058,蓝色光标
SZ300059,东方财富
SZ300061,旗天科技
SZ300062,中能电气
SZ300063,天龙集团
SZ300064,金刚退
SZ300065,海兰信
SZ300066,三川智慧
SZ300067,安诺其
SZ300068,ST南都
SZ300069,金利华电
SZ300070,碧水源
SZ300071,福石控股
SZ300072,海新能科
SZ300073,当升科技
SZ300074,华平股份
SZ300075,数字政通
SZ300076,*ST宁视
SZ300077,国民技术
SZ300078,思创智联
SZ300079,数码视讯
SZ300080,易成新能
SZ300081,ST恒信
SZ300082,奥克股份
SZ300083,创世纪
SZ300084,海默科技
SZ300085,银之杰
SZ300086,康芝药业
SZ300087,荃银高科
SZ300088,长信科技
SZ300089,文化退
SZ300090,盛运退
SZ300091,*ST金灵
SZ300092,科新机电
SZ300093,*ST金刚
SZ300094,国联水产
SZ300095,华伍股份
SZ300096,ST易联众
SZ300097,智云股份
SZ300098,高新兴
SZ300099,尤洛卡
SZ300100,双林股份
SZ300101,振芯科技
SZ300102,乾照光电
SZ300103,达刚控股
SZ300104,乐视退
SZ300105,龙源技术
SZ300106,西部牧业
SZ300107,建新股份
SZ300108,*ST吉药
SZ300109,新开源
SZ300110,华仁药业
SZ300111,向日葵
SZ300112,万讯自控
SZ300113,顺网科技
SZ300114,中航电测
SZ300115,长盈精密
SZ300116,*ST保力
SZ300117,*ST嘉寓
SZ300118,东方日升
SZ300119,瑞普生物
SZ300120,经纬辉开
SZ300121,阳谷华泰
SZ300122,智飞生物
SZ300123,ST亚光
SZ300124,汇川技术
SZ300125,*ST聆达
SZ300126,锐奇股份
SZ300127,银河磁体
SZ300128,锦富技术
SZ300129,泰胜风能
SZ300130,新国都
SZ300131,英唐智控
SZ300132,青松股份
SZ300133,华策影视
SZ300134,大富科技
SZ300135,宝利国际
SZ300136,信维通信
SZ300137,先河环保
SZ300138,晨光生物
SZ300139,晓程科技
SZ300140,节能环境
SZ300141,和顺电气
SZ300142,沃森生物
SZ300143,盈康生命
SZ300144,宋城演艺
SZ300145,南方泵业
SZ300146,汤臣倍健
SZ300147,*ST香雪
SZ300148,天舟文化
SZ300149,睿智医药
SZ300150,世纪瑞尔
SZ300151,昌红科技
SZ300152,*ST动力
SZ300153,科泰电源
SZ300154,瑞凌股份
SZ300155,安居宝
SZ300156,神雾退
SZ300157,新锦动力
SZ300158,振东制药
SZ300159,*ST新研
SZ300160,秀强股份
SZ300161,华中数控
SZ300162,雷曼光电
SZ300163,先锋新材
SZ300164,通源石油
SZ300165,天瑞仪器
SZ300166,东方国信
SZ300167,ST迪威迅
SZ300168,万达信息
SZ300169,天晟新材
SZ300170,汉得信息
SZ300171,东富龙
SZ300172,中电环保
SZ300173,ST福能
SZ300174,元力股份
SZ300175,ST朗源
SZ300176,鸿特科技
SZ300177,中海达
SZ300178,腾邦退
SZ300179,四方达
SZ300180,华峰超纤
SZ300181,佐力药业
SZ300182,捷成股份
SZ300183,东软载波
SZ300184,力源信息
SZ300185,通裕重工
SZ300186,大华农
SZ300187,永清环保
SZ300188,国投智能
SZ300189,神农种业
SZ300190,维尔利
SZ300191,潜能恒信
SZ300192,科德教育
SZ300193,佳士科技
SZ300194,福安药业
SZ300195,长荣股份
SZ300196,长海股份
SZ300197,节能铁汉
SZ300198,*ST纳川
SZ300199,翰宇药业
SZ300200,高盟新材
SZ300201,海伦哲
SZ300202,聚龙退
SZ300203,聚光科技
SZ300204,舒泰神
SZ300205,*ST天喻
SZ300206,理邦仪器
SZ300207,欣旺达
SZ300208,中程退
SZ300209,行云科技
SZ300210,森远股份
SZ300211,*ST亿通
SZ300212,*ST易录
SZ300213,佳讯飞鸿
SZ300214,日科化学
SZ300215,电科院
SZ300216,千山退
SZ300217,东方电热
SZ300218,安利股份
SZ300219,鸿利智汇
SZ300220,金运激光
SZ300221,银禧科技
SZ300222,科大智能
SZ300223,北京君正
SZ300224,正海磁材
SZ300225,*ST金泰
SZ300226,上海钢联
SZ300227,光韵达
SZ300228,富瑞特装
SZ300229,拓尔思
SZ300230,永利股份
SZ300231,银信科技
SZ300232,洲明科技
SZ300233,金城医药
SZ300234,开尔新材
SZ300235,方直科技
SZ300236,上海新阳
SZ300237,ST美晨
SZ300238,冠昊生物
SZ300239,东宝生物
SZ300240,飞力达
SZ300241,瑞丰光电
SZ300242,佳云科技
SZ300243,瑞丰高材
SZ300244,迪安诊断
SZ300245,ST天玑
SZ300246,宝莱特
SZ300247,融捷健康
SZ300248,新开普
SZ300249,依米康
SZ300250,初灵信息
SZ300251,光线传媒
SZ300252,金信诺
SZ300253,卫宁健康
SZ300254,仟源医药
SZ300255,常山药业
SZ300256,星星科技
SZ300257,开山股份
SZ300258,精锻科技
SZ300259,新天科技
SZ300260,新莱应材
SZ300261,雅本化学
SZ300262,*ST巴安
SZ300263,隆华科技
SZ300264,佳创视讯
SZ300265,通光线缆
SZ300266,兴源环境
SZ300267,尔康制药
SZ300268,佳沃食品
SZ300269,联建光电
SZ300270,中威电子
SZ300271,华宇软件
SZ300272,开能健康
SZ300273,和佳退
SZ300274,阳光电源
SZ300275,梅安森
SZ300276,三丰智能
SZ300277,汽轮科技
SZ300278,华昌达
SZ300279,和晶科技
SZ300280,紫天退
SZ300281,金明精机
SZ300282,三盛退
SZ300283,温州宏丰
SZ300284,苏交科
SZ300285,国瓷材料
SZ300286,安科瑞
SZ300287,飞利信
SZ300288,朗玛信息
SZ300289,利德曼
SZ300290,荣科科技
SZ300291,百纳千成
SZ300292,吴通控股
SZ300293,蓝英装备
SZ300294,博雅生物
SZ300295,*ST三六五
SZ300296,利亚德
SZ300297,蓝盾退
SZ300298,三诺生物
SZ300299,富春股份
SZ300300,海峡创新
SZ300301,ST长方
SZ300302,同有科技
SZ300303,聚飞光电
SZ300304,云意电气
SZ300305,裕兴股份
SZ300306,远方信息
SZ300307,慈星股份
SZ300308,中际旭创
SZ300309,吉艾退
SZ300310,宜通世纪
SZ300311,ST任子行
SZ300312,邦讯退
SZ300313,*ST天山
SZ300314,戴维医疗
SZ300315,掌趣科技
SZ300316,晶盛机电
SZ300317,珈伟新能
SZ300318,博晖创新
SZ300319,麦捷科技
SZ300320,海达股份
SZ300321,同大股份
SZ300322,硕贝德
SZ300323,华灿光电
SZ300324,旋极信息
SZ300325,德威退
SZ300326,ST凯利
SZ300327,中颖电子
SZ300328,宜安科技
SZ300329,海伦钢琴
SZ300330,计通退
SZ300331,苏大维格
SZ300332,天壕能源
SZ300333,兆日科技
SZ300334,津膜科技
SZ300335,迪森股份
SZ300336,新文退
SZ300337,银邦股份
SZ300338,*ST开元
SZ300339,润和软件
SZ300340,科恒股份
SZ300341,麦克奥迪
SZ300342,天银机电
SZ300343,ST联创
SZ300344,立方退
SZ300345,华民股份
SZ300346,南大光电
SZ300347,泰格医药
SZ300348,长亮科技
SZ300349,金卡智能
SZ300350,华鹏飞
SZ300351,永贵电器
SZ300352,ST信源
SZ300353,东土科技
SZ300354,东华测试
SZ300355,蒙草生态
SZ300356,光一退
SZ300357,我武生物
SZ300358,楚天科技
SZ300359,全通教育
SZ300360,炬华科技
SZ300362,天翔退
SZ300363,博腾股份
SZ300364,中文在线
SZ300365,恒华科技
SZ300366,ST创意
SZ300367,网力退
SZ300368,汇金股份
SZ300369,绿盟科技
SZ300370,安控科技
SZ300371,汇中股份
SZ300372,欣泰退
SZ300373,扬杰科技
SZ300374,中铁装配
SZ300375,鹏翎股份
SZ300376,易事特
SZ300377,赢时胜
SZ300378,鼎捷数智
SZ300379,东通退
SZ300380,安硕信息
SZ300381,溢多利
SZ300382,斯莱克
SZ300383,光环新网
SZ300384,三联虹普
SZ300385,ST雪浪
SZ300386,飞天诚信
SZ300387,富邦科技
SZ300388,节能国祯
SZ300389,艾比森
SZ300390,天华新能
SZ300391,长药退
SZ300392,腾信退
SZ300393,中来股份
SZ300394,天孚通信
SZ300395,菲利华
SZ300396,ST迪瑞
SZ300397,天和防务
SZ300398,飞凯材料
SZ300399,天利科技
SZ300400,劲拓股份
SZ300401,花园生物
SZ300402,宝色股份
SZ300403,汉宇集团
SZ300404,博济医药
SZ300405,科隆股份
SZ300406,九强生物
SZ300407,凯发电气
SZ300408,三环集团
SZ300409,道氏技术
SZ300410,正业科技
SZ300411,金盾股份
SZ300412,迦南科技
SZ300413,芒果超媒
SZ300414,中光防雷
SZ300415,伊之密
SZ300416,苏试试验
SZ300417,南华仪器
SZ300418,昆仑万维
SZ300419,ST浩丰
SZ300420,五洋自控
SZ300421,力星股份
SZ300422,博世科
SZ300423,昇辉科技
SZ300424,航新科技
SZ300425,中建环能
SZ300426,华智数媒
SZ300427,红相股份
SZ300428,立中集团
SZ300429,强力新材
SZ300430,*ST益通
SZ300431,暴风退
SZ300432,富临精工
SZ300433,蓝思科技
SZ300434,金石亚药
SZ300435,中泰股份
SZ300436,广生堂
SZ300437,清水源
SZ300438,鹏辉能源
SZ300439,美康生物
SZ300440,运达科技
SZ300441,鲍斯股份
SZ300442,润泽科技
SZ300443,金雷股份
SZ300444,双杰电气
SZ300445,康斯特
SZ300446,航天智造
SZ300447,全信股份
SZ300448,浩云科技
SZ300449,汉邦高科
SZ300450,先导智能
SZ300451,创业慧康
SZ300452,山河药辅
SZ300453,三鑫医疗
SZ300454,深信服
SZ300455,航天智装
SZ300456,赛微电子
SZ300457,赢合科技
SZ300458,全志科技
SZ300459,汤姆猫
SZ300460,ST惠伦
SZ300461,田中精机
SZ300462,ST华铭
SZ300463,迈克生物
SZ300464,星徽股份
SZ300465,高伟达
SZ300466,赛摩智能
SZ300467,迅游科技
SZ300468,四方精创
SZ300469,信息发展
SZ300470,中密控股
SZ300471,厚普股份
SZ300472,*ST新元
SZ300473,德尔股份
SZ300474,景嘉微
SZ300475,香农芯创
SZ300476,胜宏科技
SZ300477,ST合纵
SZ300478,杭州高新
SZ300479,神思电子
SZ300480,光力科技
SZ300481,濮阳惠成
SZ300482,万孚生物
SZ300483,首华燃气
SZ300484,蓝海华腾
SZ300485,赛升药业
SZ300486,东杰智能
SZ300487,蓝晓科技
SZ300488,恒锋工具
SZ300489,光智科技
SZ300490,华自科技
SZ300491,通合科技
SZ300492,华图山鼎
SZ300493,润欣科技
SZ300494,盛天网络
SZ300495,*ST美尚
SZ300496,中科创达
SZ300497,富祥股份
SZ300498,温氏股份
SZ300499,高澜股份
SZ300500,启迪设计
SZ300501,海顺新材
SZ300502,新易盛
SZ300503,昊志机电
SZ300504,天邑股份
SZ300505,川金诺
SZ300506,ST名家汇
SZ300507,苏奥传感
SZ300508,维宏股份
SZ300509,新美星
SZ300510,金冠股份
SZ300511,雪榕生物
SZ300512,中亚股份
SZ300513,恒实科技
SZ300514,友讯达
SZ300515,三德科技
SZ300516,久之洋
SZ300517,海波重科
SZ300518,新迅达
SZ300519,新光药业
SZ300520,科大国创
SZ300521,爱司凯
SZ300522,世名科技
SZ300523,辰安科技
SZ300525,博思软件
SZ300526,中潜退
SZ300527,ST应急
SZ300528,幸福蓝海
SZ300529,健帆生物
SZ300530,领湃科技
SZ300531,优博讯
SZ300532,今天国际
SZ300533,冰川网络
SZ300534,陇神戎发
SZ300535,达威股份
SZ300536,农尚环境
SZ300537,广信材料
SZ300538,同益股份
SZ300539,横河精密
SZ300540,蜀道装备
SZ300541,先进数通
SZ300542,新晨科技
SZ300543,朗科智能
SZ300545,联得装备
SZ300546,雄帝科技
SZ300547,川环科技
SZ300548,长芯博创
SZ300549,优德精密
SZ300550,和仁科技
SZ300551,古鳌科技
SZ300552,万集科技
SZ300553,集智股份
SZ300554,三超新材
SZ300555,ST路通
SZ300556,丝路视觉
SZ300557,理工光科
SZ300558,贝达药业
SZ300559,佳发教育
SZ300560,中富通
SZ300561,*ST汇科
SZ300562,乐心医疗
SZ300563,神宇股份
SZ300564,筑博设计
SZ300565,科信技术
SZ300566,激智科技
SZ300567,精测电子
SZ300568,星源材质
SZ300569,天能重工
SZ300570,太辰光
SZ300571,平治信息
SZ300572,安车检测
SZ300573,兴齐眼药
SZ300575,中旗股份
SZ300576,容大感光
SZ300577,开润股份
SZ300578,会畅科技
SZ300579,数字认证
SZ300580,贝斯特
SZ300581,晨曦航空
SZ300582,英飞特
SZ300583,赛托生物
SZ300584,海辰药业
SZ300585,奥联电子
SZ300586,美联新材
SZ300587,天铁科技
SZ300588,熙菱信息
SZ300589,江龙船艇
SZ300590,移为通信
SZ300591,万里马
SZ300592,华凯易佰
SZ300593,新雷能
SZ300594,ST朗进
SZ300595,欧普康视
SZ300596,利安隆
SZ300597,吉大通信
SZ300598,诚迈科技
SZ300599,雄塑科技
SZ300600,国瑞科技
SZ300601,康泰生物
SZ300602,飞荣达
SZ300603,立昂技术
SZ300604,长川科技
SZ300605,恒锋信息
SZ300606,金太阳
SZ300607,拓斯达
SZ300608,思特奇
SZ300609,汇纳科技
SZ300610,晨化股份
SZ300611,美力科技
SZ300612,宣亚国际
SZ300613,富瀚微
SZ300614,百川畅银
SZ300615,欣天科技
SZ300616,尚品宅配
SZ300617,安靠智电
SZ300618,寒锐钴业
SZ300619,金银河
SZ300620,光库科技
SZ300621,维业股份
SZ300622,博士眼镜
SZ300623,捷捷微电
SZ300624,万兴科技
SZ300625,三雄极光
SZ300626,华瑞股份
SZ300627,华测导航
SZ300628,亿联网络
SZ300629,新劲刚
SZ300630,普利退
SZ300631,久吾高科
SZ300632,光莆股份
SZ300633,开立医疗
SZ300634,彩讯股份
SZ300635,中达安
SZ300636,同和药业
SZ300637,扬帆新材
SZ300638,广和通
SZ300639,凯普生物
SZ300640,德艺文创
SZ300641,正丹股份
SZ300642,透景生命
SZ300643,万通智控
SZ300644,南京聚隆
SZ300645,正元智慧
SZ300647,超频三
SZ300648,星云股份
SZ300649,杭州园林
SZ300650,太龙股份
SZ300651,金陵体育
SZ300652,雷迪克
SZ300653,正海生物
SZ300654,世纪天鸿
SZ300655,晶瑞电材
SZ300656,民德电子
SZ300657,弘信电子
SZ300658,延江股份
SZ300659,中孚信息
SZ300660,江苏雷利
SZ300661,圣邦股份
SZ300662,科锐国际
SZ300663,科蓝软件
SZ300664,鹏鹞环保
SZ300665,飞鹿股份
SZ300666,江丰电子
SZ300667,必创科技
SZ300668,杰恩股份
SZ300669,沪宁股份
SZ300670,大烨智能
SZ300671,富满微
SZ300672,国科微
SZ300673,佩蒂股份
SZ300674,宇信科技
SZ300675,建科院
SZ300676,华大基因
SZ300677,英科医疗
SZ300678,中科信息
SZ300679,电连技术
SZ300680,隆盛科技
SZ300681,英搏尔
SZ300682,朗新科技
SZ300683,海特生物
SZ300684,中石科技
SZ300685,艾德生物
SZ300686,智动力
SZ300687,赛意信息
SZ300688,创业黑马
SZ300689,澄天伟业
SZ300690,双一科技
SZ300691,联合光电
SZ300692,中赋科技
SZ300693,盛弘股份
SZ300694,蠡湖股份
SZ300695,兆丰股份
SZ300696,爱乐达
SZ300697,电工合金
SZ300698,万马科技
SZ300699,光威复材
SZ300700,岱勒新材
SZ300701,森霸传感
SZ300702,天宇股份
SZ300703,创源股份
SZ300705,九典制药
SZ300706,阿石创
SZ300707,威唐工业
SZ300708,聚灿光电
SZ300709,精研科技
SZ300710,万隆光电
SZ300711,广哈通信
SZ300712,永福股份
SZ300713,英可瑞
SZ300715,凯伦股份
SZ300716,*ST泉为
SZ300717,华信新材
SZ300718,长盛轴承
SZ300719,安达维尔
SZ300720,海川智能
SZ300721,怡达股份
SZ300722,新余国科
SZ300723,一品红
SZ300724,捷佳伟创
SZ300725,药石科技
SZ300726,宏达电子
SZ300727,润禾材料
SZ300729,乐歌股份
SZ300730,科创信息
SZ300731,科创新源
SZ300732,设研院
SZ300733,西菱动力
SZ300735,光弘科技
SZ300736,百邦科技
SZ300737,科顺股份
SZ300738,奥飞数据
SZ300739,明阳电路
SZ300740,水羊股份
SZ300741,华宝股份
SZ300742,越博退
SZ300743,天地数码
SZ300745,欣锐科技
SZ300746,汉嘉数智
SZ300747,锐科激光
SZ300748,金力永磁
SZ300749,顶固集创
SZ300750,宁德时代
SZ300751,迈为股份
SZ300752,隆利科技
SZ300753,爱朋医疗
SZ300755,华致酒行
SZ300756,金马游乐
SZ300757,罗博特科
SZ300758,七彩化学
SZ300759,康龙化成
SZ300760,迈瑞医疗
SZ300761,立华股份
SZ300762,上海瀚讯
SZ300763,锦浪科技
SZ300765,新诺威
SZ300766,每日互动
SZ300767,震安科技
SZ300768,迪普科技
SZ300769,德方纳米
SZ300770,新媒股份
SZ300771,智莱科技
SZ300772,运达股份
SZ300773,拉卡拉
SZ300774,倍杰特
SZ300775,三角防务
SZ300776,帝尔激光
SZ300777,中简科技
SZ300778,新城市
SZ300779,惠城环保
SZ300780,德恩精工
SZ300781,因赛集团
SZ300782,卓胜微
SZ300783,三只松鼠
SZ300784,利安科技
SZ300785,值得买
SZ300786,国林科技
SZ300787,海能实业
SZ300788,中信出版
SZ300789,唐源电气
SZ300790,宇瞳光学
SZ300791,仙乐健康
SZ300792,壹网壹创
SZ300793,佳禾智能
SZ300795,米奥会展
SZ300796,贝斯美
SZ300797,钢研纳克
SZ300798,锦鸡股份
SZ300799,左江退
SZ300800,力合科技
SZ300801,泰和科技
SZ300802,矩子科技
SZ300803,指南针
SZ300804,广康生化
SZ300805,电声股份
SZ300806,斯迪克
SZ300807,天迈科技
SZ300808,久量股份
SZ300809,华辰装备
SZ300810,中科海讯
SZ300811,铂科新材
SZ300812,易天股份
SZ300813,泰林生物
SZ300814,中富电路
SZ300815,玉禾田
SZ300816,艾可蓝
SZ300817,双飞集团
SZ300818,耐普矿机
SZ300819,聚杰微纤
SZ300820,英杰电气
SZ300821,东岳硅材
SZ300822,贝仕达克
SZ300823,建科智能
SZ300824,北鼎股份
SZ300825,阿尔特
SZ300826,测绘股份
SZ300827,上能电气
SZ300828,锐新科技
SZ300829,金丹科技
SZ300830,金现代
SZ300831,派瑞股份
SZ300832,新产业
SZ300833,浩洋股份
SZ300834,星辉环材
SZ300835,龙磁科技
SZ300836,佰奥智能
SZ300837,浙矿股份
SZ300838,浙江力诺
SZ300839,博汇股份
SZ300840,酷特智能
SZ300841,康华生物
SZ300842,帝科股份
SZ300843,胜蓝股份
SZ300844,山水比德
SZ300845,捷安高科
SZ300846,首都在线
SZ300847,中船汉光
SZ300848,美瑞新材
SZ300849,锦盛新材
SZ300850,新强联
SZ300851,交大思诺
SZ300852,四会富仕
SZ300853,申昊科技
SZ300854,中兰环保
SZ300855,图南股份
SZ300856,科思股份
SZ300857,协创数据
SZ300858,科拓生物
SZ300859,西域旅游
SZ300860,锋尚文化
SZ300861,美畅股份
SZ300862,蓝盾光电
SZ300863,卡倍亿
SZ300864,南大环境
SZ300865,大宏立
SZ300866,安克创新
SZ300867,圣元环保
SZ300868,杰美特
SZ300869,康泰医学
SZ300870,欧陆通
SZ300871,回盛生物
SZ300872,天阳科技
SZ300873,海晨股份
SZ300875,捷强装备
SZ300876,蒙泰高新
SZ300877,金春股份
SZ300878,维康药业
SZ300879,大叶股份
SZ300880,迦南智能
SZ300881,盛德鑫泰
SZ300882,万胜智能
SZ300883,龙利得
SZ300884,狄耐克
SZ300885,海昌新材
SZ300886,华业香料
SZ300887,谱尼测试
SZ300888,稳健医疗
SZ300889,爱克股份
SZ300890,翔丰华
SZ300891,惠云钛业
SZ300892,品渥食品
SZ300893,松原安全
SZ300894,火星人
SZ300895,铜牛信息
SZ300896,爱美客
SZ300897,山科智能
SZ300898,熊猫乳品
SZ300899,上海凯鑫
SZ300900,广联航空
SZ300901,中胤时尚
SZ300902,国安达
SZ300903,科翔股份
SZ300904,威力传动
SZ300905,宝丽迪
SZ300906,日月明
SZ300907,康平科技
SZ300908,仲景食品
SZ300909,汇创达
SZ300910,瑞丰新材
SZ300911,亿田智能
SZ300912,凯龙高科
SZ300913,兆龙互连
SZ300915,海融科技
SZ300916,朗特智能
SZ300917,特发服务
SZ300918,南山智尚
SZ300919,中伟新材
SZ300920,润阳科技
SZ300921,南凌科技
SZ300922,天秦装备
SZ300923,研奥股份
SZ300925,法本信息
SZ300926,博俊科技
SZ300927,江天化学
SZ300928,华安鑫创
SZ300929,华骐环保
SZ300930,屹通新材
SZ300931,通用电梯
SZ300932,三友联众
SZ300933,中辰股份
SZ300935,盈建科
SZ300936,中英科技
SZ300937,药易购
SZ300938,信测标准
SZ300939,秋田微
SZ300940,南极光
SZ300941,创识科技
SZ300942,易瑞生物
SZ300943,春晖智控
SZ300945,曼卡龙
SZ300946,恒而达
SZ300947,德必集团
SZ300948,冠中生态
SZ300949,奥雅股份
SZ300950,德固特
SZ300951,博硕科技
SZ300952,恒辉安防
SZ300953,震裕科技
SZ300955,嘉亨家化
SZ300956,英力股份
SZ300957,贝泰妮
SZ300958,建工修复
SZ300959,线上线下
SZ300960,通业科技
SZ300961,深水海纳
SZ300962,中金辐照
SZ300963,中洲特材
SZ300964,本川智能
SZ300965,恒宇信通
SZ300966,共同药业
SZ300967,晓鸣股份
SZ300968,格林精密
SZ300969,恒帅股份
SZ300970,华绿生物
SZ300971,博亚精工
SZ300972,万辰集团
SZ300973,立高食品
SZ300975,商络电子
SZ300976,达瑞电子
SZ300977,深圳瑞捷
SZ300978,东箭科技
SZ300979,华利集团
SZ300980,祥源新材
SZ300981,中红医疗
SZ300982,苏文电能
SZ300983,尤安设计
SZ300984,金沃股份
SZ300985,致远新能
SZ300986,志特新材
SZ300987,川网传媒
SZ300988,津荣天宇
SZ300989,蕾奥规划
SZ300990,同飞股份
SZ300991,创益通
SZ300992,泰福泵业
SZ300993,玉马科技
SZ300994,久祺股份
SZ300995,奇德新材
SZ300996,普联软件
SZ300997,欢乐家
SZ300998,宁波方正
SZ300999,金龙鱼
SZ301000,肇民科技
SZ301001,凯淳股份
SZ301002,崧盛股份
SZ301003,江苏博云
SZ301004,嘉益股份
SZ301005,超捷股份
SZ301006,迈拓股份
SZ301007,德迈仕
SZ301008,宏昌科技
SZ301009,可靠股份
SZ301010,晶雪节能
SZ301011,华立科技
SZ301012,扬电科技
SZ301013,利和兴
SZ301015,百洋医药
SZ301016,雷尔伟
SZ301017,漱玉平民
SZ301018,申菱环境
SZ301019,宁波色母
SZ301020,密封科技
SZ301021,英诺激光
SZ301022,海泰科
SZ301023,奕帆传动
SZ301024,霍普股份
SZ301025,读客文化
SZ301026,浩通科技
SZ301027,华蓝集团
SZ301028,鼎熔岩
SZ301029,怡合达
SZ301030,*ST仕净
SZ301031,中熔电气
SZ301032,新柴股份
SZ301033,迈普医学
SZ301035,润丰股份
SZ301036,双乐股份
SZ301037,保立佳
SZ301038,深水规院
SZ301039,中集车辆
SZ301040,中环海陆
SZ301041,金百泽
SZ301042,安联锐视
SZ301043,绿岛风
SZ301045,天禄科技
SZ301046,能辉科技
SZ301047,义翘神州
SZ301048,金鹰重工
SZ301049,超越科技
SZ301050,雷电微力
SZ301051,信濠光电
SZ301052,果麦文化
SZ301053,远信工业
SZ301055,张小泉
SZ301056,森赫股份
SZ301057,汇隆新材
SZ301058,中粮科工
SZ301059,金三江
SZ301060,兰卫医学
SZ301061,匠心家居
SZ301062,上海艾录
SZ301063,海锅股份
SZ301065,本立科技
SZ301066,万事利
SZ301067,显盈科技
SZ301068,大地海洋
SZ301069,凯盛新材
SZ301070,开勒股份
SZ301071,力量钻石
SZ301072,中捷精工
SZ301073,君亭酒店
SZ301075,多瑞医药
SZ301076,新瀚新材
SZ301077,星华新材
SZ301078,孩子王
SZ301079,邵阳液压
SZ301080,百普赛斯
SZ301081,严牌股份
SZ301082,久盛电气
SZ301083,百胜智能
SZ301085,亚康股份
SZ301086,鸿富瀚
SZ301087,可孚医疗
SZ301088,戎美股份
SZ301089,拓新药业
SZ301090,华润材料
SZ301091,深城交
SZ301092,争光股份
SZ301093,华兰股份
SZ301095,广立微
SZ301096,百诚医药
SZ301097,天益医疗
SZ301098,金埔园林
SZ301099,雅创电子
SZ301100,风光股份
SZ301101,明月镜片
SZ301102,兆讯传媒
SZ301103,何氏眼科
SZ301105,鸿铭股份
SZ301106,骏成科技
SZ301107,瑜欣电子
SZ301108,洁雅股份
SZ301109,军信股份
SZ301110,青木科技
SZ301111,粤万年青
SZ301112,信邦智能
SZ301113,雅艺科技
SZ301115,联检科技
SZ301116,益客食品
SZ301117,佳缘科技
SZ301118,恒光股份
SZ301119,正强股份
SZ301120,新特电气
SZ301121,紫建电子
SZ301122,采纳股份
SZ301123,奕东电子
SZ301125,腾亚精工
SZ301126,达嘉维康
SZ301127,武汉天源
SZ301128,强瑞技术
SZ301129,瑞纳智能
SZ301130,西点药业
SZ301131,聚赛龙
SZ301132,满坤科技
SZ301133,金钟股份
SZ301135,瑞德智能
SZ301136,招标股份
SZ301137,哈焊华通
SZ301138,华研精机
SZ301139,*ST元道
SZ301141,中科磁业
SZ301148,嘉戎技术
SZ301149,隆华新材
SZ301150,中一科技
SZ301151,冠龙节能
SZ301152,天力锂能
SZ301153,中科江南
SZ301155,海力风电
SZ301156,美农生物
SZ301157,华塑科技
SZ301158,德石股份
SZ301159,三维天地
SZ301160,翔楼新材
SZ301161,唯万密封
SZ301162,国能日新
SZ301163,宏德股份
SZ301165,锐捷网络
SZ301166,优宁维
SZ301167,建研设计
SZ301168,通灵股份
SZ301169,零点有数
SZ301170,锡南科技
SZ301171,易点天下
SZ301172,君逸数码
SZ301173,毓恬冠佳
SZ301175,中科环保
SZ301176,逸豪新材
SZ301177,迪阿股份
SZ301178,天亿马
SZ301179,泽宇智能
SZ301180,万祥科技
SZ301181,标榜股份
SZ301182,凯旺科技
SZ301183,东田微
SZ301185,鸥玛软件
SZ301186,超达装备
SZ301187,欧圣电气
SZ301188,力诺药包
SZ301189,奥尼电子
SZ301190,善水科技
SZ301191,菲菱科思
SZ301192,泰祥股份
SZ301193,家联科技
SZ301195,北路智控
SZ301196,唯科科技
SZ301197,工大科雅
SZ301198,喜悦智行
SZ301199,迈赫股份
SZ301200,大族数控
SZ301201,诚达药业
SZ301202,朗威股份
SZ301203,国泰环保
SZ301205,联特科技
SZ301206,三元生物
SZ301207,华兰疫苗
SZ301208,中亦科技
SZ301209,联合化学
SZ301210,金杨精密
SZ301211,亨迪药业
SZ301212,联盛化学
SZ301213,观想科技
SZ301215,中汽股份
SZ301216,万凯新材
SZ301217,铜冠铜箔
SZ301218,华是科技
SZ301219,腾远钴业
SZ301220,亚香股份
SZ301221,光庭信息
SZ301222,浙江恒威
SZ301223,中荣股份
SZ301225,恒勃股份
SZ301226,祥明智能
SZ301227,森鹰窗业
SZ301228,实朴检测
SZ301229,纽泰格
SZ301230,泓博医药
SZ301231,荣信文化
SZ301232,飞沃科技
SZ301233,盛帮股份
SZ301234,五洲医疗
SZ301235,华康洁净
SZ301236,软通动力
SZ301237,和顺科技
SZ301238,瑞泰新材
SZ301239,普瑞眼科
SZ301246,宏源药业
SZ301248,杰创智能
SZ301251,威尔高
SZ301252,同星科技
SZ301255,通力科技
SZ301256,华融化学
SZ301257,普蕊斯
SZ301258,富士莱
SZ301259,艾布鲁
SZ301260,格力博
SZ301261,恒工精密
SZ301262,海看股份
SZ301263,泰恩康
SZ301265,华新科技
SZ301266,宇邦新材
SZ301267,华厦眼科
SZ301268,铭利达
SZ301269,华大九天
SZ301270,汉仪股份
SZ301272,英华特
SZ301273,瑞晨环保
SZ301275,汉朔科技
SZ301276,嘉曼服饰
SZ301277,新天地
SZ301278,快可电子
SZ301279,金道科技
SZ301280,珠城科技
SZ301281,科源制药
SZ301282,金禄电子
SZ301283,聚胶股份
SZ301285,鸿日达
SZ301286,侨源股份
SZ301287,康力源
SZ301288,清研环境
SZ301289,国缆检测
SZ301290,东星医疗
SZ301291,明阳电气
SZ301292,海科新源
SZ301293,三博脑科
SZ301295,美硕科技
SZ301296,新巨丰
SZ301297,富乐德
SZ301298,东利机械
SZ301299,卓创资讯
SZ301300,远翔新材
SZ301301,川宁生物
SZ301302,华如科技
SZ301303,真兰仪表
SZ301305,朗坤科技
SZ301306,西测测试
SZ301307,美利信
SZ301308,江波龙
SZ301309,万得凯
SZ301310,鑫宏业
SZ301311,昆船智能
SZ301312,智立方
SZ301313,凡拓数创
SZ301314,科瑞思
SZ301315,威士顿
SZ301316,慧博云通
SZ301317,鑫磊股份
SZ301318,维海德
SZ301319,唯特偶
SZ301320,豪江智能
SZ301321,翰博高新
SZ301322,绿通科技
SZ301323,新莱福
SZ301325,曼恩斯特
SZ301326,捷邦科技
SZ301327,华宝新能
SZ301328,维峰电子
SZ301329,信音电子
SZ301330,熵基科技
SZ301331,恩威医药
SZ301332,德尔玛
SZ301333,诺思格
SZ301335,天元宠物
SZ301336,趣睡科技
SZ301337,亚华电子
SZ301338,凯格精机
SZ301339,通行宝
SZ301345,涛涛车业
SZ301348,蓝箭电子
SZ301349,信德新材
SZ301353,普莱得
SZ301355,南王科技
SZ301356,天振股份
SZ301357,北方长龙
SZ301358,湖南裕能
SZ301359,东南电子
SZ301360,荣旗科技
SZ301361,众智科技
SZ301362,民爆光电
SZ301363,美好医疗
SZ301365,矩阵股份
SZ301366,一博科技
SZ301367,瑞迈特
SZ301368,丰立智能
SZ301369,联动科技
SZ301370,国科恒泰
SZ301371,敷尔佳
SZ301372,科净源
SZ301373,凌玮科技
SZ301376,致欧科技
SZ301377,鼎泰高科
SZ301378,通达海
SZ301379,天山电子
SZ301380,挖金客
SZ301381,赛维时代
SZ301382,蜂助手
SZ301383,天键股份
SZ301386,未来电器
SZ301387,光大同创
SZ301388,欣灵电气
SZ301389,隆扬电子
SZ301390,经纬股份
SZ301391,卡莱特
SZ301392,汇成真空
SZ301393,昊帆生物
SZ301395,仁信新材
SZ301396,宏景科技
SZ301397,溯联股份
SZ301398,星源卓镁
SZ301399,英特科技
SZ301408,华人健康
SZ301413,安培龙
SZ301418,协昌科技
SZ301419,阿莱德
SZ301421,波长光电
SZ301428,世纪恒通
SZ301429,森泰股份
SZ301439,泓淋电力
SZ301446,福事特
SZ301448,开创电气
SZ301449,天溯计量
SZ301456,盘古智能
SZ301458,钧崴电子
SZ301459,丰茂股份
SZ301468,博盈特焊
SZ301469,恒达新材
SZ301479,弘景光电
SZ301486,致尚科技
SZ301487,盟固利
SZ301488,豪恩汽电
SZ301489,思泉新材
SZ301491,汉桑科技
SZ301498,乖宝宠物
SZ301499,维科精密
SZ301500,飞南资源
SZ301501,恒鑫生活
SZ301502,华阳智能
SZ301503,智迪科技
SZ301505,苏州规划
SZ301507,民生健康
SZ301508,中机认检
SZ301509,金凯生科
SZ301510,固高科技
SZ301511,德福科技
SZ301512,智信精密
SZ301513,尚水智能
SZ301515,港通医疗
SZ301516,中远通
SZ301517,陕西华达
SZ301518,长华化学
SZ301519,舜禹股份
SZ301520,万邦医药
SZ301522,上大股份
SZ301525,儒竞科技
SZ301526,国际复材
SZ301528,多浦乐
SZ301529,福赛科技
SZ301531,春光集团
SZ301533,威马农机
SZ301535,浙江华远
SZ301536,星宸科技
SZ301538,骏鼎达
SZ301539,宏鑫科技
SZ301548,崇德科技
SZ301550,斯菱智驱
SZ301551,无线传媒
SZ301552,科力装备
SZ301555,惠柏新材
SZ301556,托普云农
SZ301557,常友科技
SZ301558,三态股份
SZ301559,中集环科
SZ301560,众捷汽车
SZ301563,云汉芯城
SZ301565,中仑新材
SZ301566,达利凯普
SZ301567,贝隆精密
SZ301568,思泰克
SZ301571,国科天成
SZ301575,艾芬达
SZ301577,美信科技
SZ301578,辰奕智能
SZ301580,爱迪特
SZ301581,黄山谷捷
SZ301584,建发致新
SZ301585,蓝宇股份
SZ301586,佳力奇
SZ301587,中瑞股份
SZ301588,美新科技
SZ301589,诺瓦星云
SZ301590,优优绿能
SZ301591,肯特股份
SZ301592,六九一二
SZ301595,太力科技
SZ301596,瑞迪智驱
SZ301598,博科测试
SZ301599,理奇智能
SZ301600,慧翰股份
SZ301601,惠通科技
SZ301602,超研股份
SZ301603,乔锋智能
SZ301606,绿联科技
SZ301607,富特科技
SZ301608,博实结
SZ301609,山大电力
SZ301611,珂玛科技
SZ301613,新铝时代
SZ301616,浙江华业
SZ301617,博苑股份
SZ301618,长联科技
SZ301622,英思特
SZ301626,苏州天脉
SZ301628,强达电路
SZ301629,矽电股份
SZ301630,同宇新材
SZ301631,壹连科技
SZ301632,广东建科
SZ301633,港迪技术
SZ301636,泽润新能
SZ301638,南网数字
SZ301656,联合动力
SZ301658,首航新能
SZ301662,宏工科技
SZ301665,泰禾股份
SZ301666,大普微
SZ301667,纳百川
SZ301668,昊创瑞通
SZ301678,新恒汇
SZ301680,固德电材
SZ301682,宏明电子
SZ301683,慧谷新材
SZ301687,新广益
SZ301696,三瑞智能
SZ302132,中航成飞
SZ399001,深证成份指数(价格)
SZ399002,深证成份指数(收益)
SZ399003,深证成份B股指数
SZ399004,深证100指数(收益)
SZ399005,中小企业100指数
SZ399006,创业板指数(价格)
SZ399007,深证300价格
SZ399008,中小企业300指数
SZ399009,深证200指数
SZ399010,深证700指数
SZ399011,深证1000指数
SZ399012,创业板300
SZ399013,深市精选指数
SZ399015,深证中小创新指数
SZ399100,深证新指数
SZ399101,中小企业综合指数
SZ399102,创业板综合指数
SZ399103,乐富基金指数
SZ399106,深证综合指数
SZ399107,深证A股指数
SZ399108,深证B股指数
SZ399110,农林牧渔指数
SZ399120,采掘业指数
SZ399130,制造业指数
SZ399131,食品饮料指数
SZ399132,纺织服装指数
SZ399133,木材家具指数
SZ399134,造纸印刷指数
SZ399135,石化塑胶指数
SZ399136,电子指数
SZ399137,金属非金属指数
SZ399138,机械设备指数
SZ399139,医药生物指数
SZ399140,水电煤气指数
SZ399150,建筑业指数
SZ399160,运输仓储指数
SZ399170,信息技术指数
SZ399180,批发零售指数
SZ399190,金融保险指数
SZ399200,房地产业指数
SZ399210,社会服务指数
SZ399220,传播文化指数
SZ399230,综合类指数
SZ399231,农林牧渔指数
SZ399232,采矿业指数
SZ399233,制造业指数
SZ399234,水电煤气指数
SZ399235,建筑业指数
SZ399236,批发零售指数
SZ399237,运输仓储指数
SZ399238,住宿餐饮指数
SZ399239,信息技术指数
SZ399240,金融业指数
SZ399241,房地产业指数
SZ399242,商务服务指数
SZ399243,科研服务指数
SZ399244,公共环保指数
SZ399248,文化传播指数
SZ399249,综合类指数
SZ399298,深证中高等级信用债指数
SZ399299,深证中低等级信用债指数
SZ399300,沪深300指数
SZ399301,深证信用债综合指数
SZ399302,深证公司债综合指数
SZ399303,国证2000指数
SZ399305,深市基金指数
SZ399306,深证ETF指数
SZ399307,深证可转债指数
SZ399310,国证A50指数
SZ399311,国证1000指数
SZ399312,国证300指数
SZ399313,巨潮100指数
SZ399314,巨潮大盘指数
SZ399315,巨潮中盘指数
SZ399316,巨潮小盘指数
SZ399317,国证A股指数
SZ399318,国证B股指数
SZ399319,国证资源优势指数
SZ399320,国证公共服务指数
SZ399321,国证红利指数
SZ399322,国证治理指数
SZ399324,深证红利指数
SZ399326,深证成长40指数
SZ399328,深证治理指数
SZ399330,深证100指数(价格)
SZ399332,深证创新价格指数
SZ399333,中小企业100全收益指数
SZ399335,深证央企指数
SZ399337,深证民营指数
SZ399339,深证科技指数
SZ399341,深证责任指数
SZ399344,深证300指数(收益)
SZ399346,深证300成长指数
SZ399348,深证300价值指数
SZ399350,国证皖江30指数
SZ399351,国证深圳创新示范100指数
SZ399352,国证深圳企业综合指数
SZ399353,国证物流行业指数
SZ399355,国证长三角指数
SZ399356,国证珠三角指数
SZ399357,国证环渤海指数
SZ399358,国证环保指数
SZ399359,国证基建指数
SZ399360,国证新硬件产业指数
SZ399361,国证在线消费指数
SZ399362,国证民企领先100指数
SZ399363,国证算力基础设施主题指数
SZ399364,国证消费100指数
SZ399365,国证粮食产业指数
SZ399366,国证能源金属指数
SZ399367,国证1000房地产行业指数
SZ399368,国证航天军工指数
SZ399369,国证社会责任指数
SZ399370,国证1000成长指数
SZ399371,国证1000价值指数
SZ399372,国证大盘成长指数
SZ399373,国证大盘价值指数
SZ399374,巨潮中盘成长指数
SZ399375,巨潮中盘价值指数
SZ399376,巨潮小盘成长指数
SZ399377,巨潮小盘价值指数
SZ399378,国证ESG300指数
SZ399379,国证基金指数
SZ399380,国证ETF指数
SZ399381,国证1000能源行业指数
SZ399382,国证1000原材料行业指数
SZ399383,国证1000工业行业指数
SZ399384,国证1000可选消费行业指数
SZ399385,国证1000主要消费行业指数
SZ399386,国证1000医药卫生行业指数
SZ399387,国证1000金融地产行业指数
SZ399388,国证1000信息技术行业指数
SZ399389,国证通信指数
SZ399390,国证1000公用事业行业指数
SZ399391,国证投资时钟指数
SZ399392,国证战略性新兴产业指数
SZ399393,国证房地产行业指数
SZ399394,国证医药卫生行业指数
SZ399395,国证有色金属行业指数
SZ399396,国证食品饮料行业指数
SZ399397,国证文化产业指数
SZ399398,国证绩效指数
SZ399399,国证中经GDP指数
SZ399400,巨潮大中盘指数
SZ399401,巨潮中小盘指数
SZ399402,国证周期行业100指数
SZ399403,国证防御行业100指数
SZ399404,巨潮大盘低波动率指数
SZ399405,巨潮大盘高贝塔指数
SZ399406,巨潮中盘低波动率指数
SZ399407,巨潮中盘高贝塔指数
SZ399408,巨潮小盘低波动率指数
SZ399409,巨潮小盘高贝塔指数
SZ399410,苏州率先指数
SZ399411,国证红利加权100指数
SZ399412,国证新能源指数
SZ399413,国证可转债指数
SZ399415,大数据100指数
SZ399416,大数据300指数
SZ399417,国证新能源汽车指数
SZ399418,国证数据要素主题指数
SZ399419,国证高铁指数
SZ399420,国证保险证券指数
SZ399423,中关村50指数
SZ399427,国证专利领先指数
SZ399428,国证定向增发指数
SZ399429,新丝路指数
SZ399431,国证银行行业指数
SZ399432,国证电动智能汽车指数
SZ399433,国证交通运输行业指数
SZ399434,国证数字传媒主题指数
SZ399435,国证农牧渔产品行业指数
SZ399436,国证绿色煤炭指数
SZ399437,国证证券龙头指数
SZ399438,国证绿色电力指数
SZ399439,国证石油天然气指数
SZ399440,国证钢铁行业指数
SZ399441,国证生物医药指数
SZ399481,国证企债指数
SZ399550,央视财经50指数
SZ399551,央视财经50创新领先指数
SZ399552,央视财经50成长领先指数
SZ399553,央视财经50回报领先指数
SZ399554,央视财经50治理领先指数
SZ399555,央视财经50责任领先指数
SZ399556,央视生态产业指数
SZ399557,央视文化产业指数
SZ399602,中小板300成长指数
SZ399604,中小板300价值指数
SZ399606,创业板指数(收益)
SZ399608,国证科技100指数
SZ399610,深证电子信息传媒产业50指数
SZ399611,中小企业板创业板100指数(收益)
SZ399612,中小创业企业100指数
SZ399613,深证能源指数
SZ399614,深证原材料行业指数
SZ399615,深证工业行业指数
SZ399616,深证可选消费行业指数
SZ399617,深证主要消费行业指数
SZ399618,深证医药卫生行业指数
SZ399619,深证金融地产行业指数
SZ399620,深证信息技术行业指数
SZ399621,深证电信业务行业指数
SZ399622,深证公用事业行业指数
SZ399623,中小企业基础市场指数
SZ399624,中小创业企业400指数
SZ399625,中小创业企业500指数
SZ399626,中小创业企业成长指数
SZ399627,中小创业企业价值指数
SZ399628,深证700成长指数
SZ399629,深证700价值指数
SZ399630,深证1000成长指数
SZ399631,深证1000价值指数
SZ399632,深证100等权重指数
SZ399633,深证300等权重指数
SZ399634,中小企业100等权重指数
SZ399635,创业板等权重指数
SZ399636,深证装备指数
SZ399637,深证地产指数
SZ399638,深证环保指数
SZ399639,深证大宗商品生产商指数
SZ399640,创业板基础市场指数
SZ399641,深证战略性新兴产业指数
SZ399642,中小企业战略性新兴产业指数
SZ399643,创业板战略性新兴产业指数
SZ399644,深证色诺芬投资时钟指数
SZ399645,深证100低波动率指数
SZ399646,深证消费50指数
SZ399647,深证医药50指数
SZ399648,深证中经矢量GDP100指数
SZ399649,中小企业红利指数
SZ399650,中小企业治理指数
SZ399651,中小企业社会责任指数
SZ399652,中创高新技术企业指数
SZ399653,深证行业龙头指数
SZ399654,深证文化产业指数
SZ399655,深证绩效指数
SZ399656,深证100绩效加权指数
SZ399657,深证300绩效加权指数
SZ399658,中小100绩效加权指数
SZ399659,深证成份等权重指数
SZ399660,中创100等权重指数
SZ399661,深证300低波动率指数
SZ399662,深证300高贝塔指数
SZ399663,中小300低波动率指数
SZ399664,中小300高贝塔指数
SZ399665,中创500低波动率指数
SZ399666,中创500高贝塔指数
SZ399667,创业板成长指数
SZ399668,创业板300价值指数
SZ399669,深证农业综合企业指数
SZ399670,深证周期行业50指数
SZ399671,深证防御行业50指数
SZ399672,深证红利50加权指数
SZ399673,创业板50指数
SZ399674,深A医药卫生指数
SZ399675,深A软件与互联网指数
SZ399676,深A医药卫生等权指数
SZ399677,深A软件与互联网等权指数
SZ399678,深证次新股指数
SZ399679,深证200收益指数
SZ399680,深成能源行业指数
SZ399681,深成原材料行业指数
SZ399682,深成工业行业指数
SZ399683,深成可选消费行业指数
SZ399684,深成主要消费行业指数
SZ399685,深成医药卫生行业指数
SZ399686,深成金融地产行业指数
SZ399687,深成信息技术行业指数
SZ399688,深成电信业务行业指数
SZ399689,深成公用事业行业指数
SZ399701,深证基本面60指数
SZ399702,深证基本面120指数
SZ399703,深证基本面200指数
SZ399704,深证上游产业指数
SZ399705,深证中游产业指数
SZ399706,深证下游产业指数
SZ399802,中证500深市指数
SZ399803,中证工业4.0指数
SZ399804,中证体育产业指数
SZ399805,中证互联网金融指数
SZ399806,中证环境治理指数
SZ399807,中证高铁产业指数
SZ399808,中证新能源指数
SZ399809,中证方正富邦保险主题指数
SZ399812,中证养老产业指数
SZ399813,中证国防安全指数
SZ399814,中证大农业指数
SZ399901,中证南方小康产业指数
SZ399903,中证A100指数
SZ399904,中证200指数
SZ399905,中证500指数
SZ399907,中证700指数
SZ399908,沪深300能源指数
SZ399909,沪深300原材料指数
SZ399910,沪深300工业指数
SZ399911,沪深300可选消费指数
SZ399912,沪深300主要消费指数
SZ399913,沪深300医药卫生指数
SZ399914,沪深300金融地产指数
SZ399915,沪深300信息技术指数
SZ399916,沪深300通信服务指数
SZ399917,沪深300公用事业指数
SZ399918,沪深300成长指数
SZ399919,沪深300价值指数
SZ399920,沪深300相对成长指数
SZ399922,中证红利指数
SZ399923,中证公司债
SZ399925,中证锐联基本面50指数
SZ399926,中证中央企业综合指数
SZ399927,中证中央企业100指数
SZ399928,中证能源指数
SZ399929,中证原材料指数
SZ399930,中证工业指数
SZ399931,中证可选消费指数
SZ399932,中证主要消费指数
SZ399933,中证医药卫生指数
SZ399934,中证金融地产指数
SZ399935,中证信息技术指数
SZ399936,中证通信服务指数
SZ399937,中证公用事业指数
SZ399938,中证民营企业综合指数
SZ399939,中证民营企业200指数
SZ399941,中证内地新能源主题指数
SZ399942,中证内地消费主题指数
SZ399943,中证新型基础设施建设50指数
SZ399944,中证内地资源主题指数
SZ399945,中证内地运输主题指数
SZ399946,中证银行保险50主题指数
SZ399947,中证内地银行主题指数
SZ399948,中证内地地产主题指数
SZ399949,中证农业主题指数
SZ399950,沪深300基建主题指数
SZ399951,沪深300银行指数
SZ399952,沪深300地产指数
SZ399953,中证地方国有企业综合指数
SZ399954,中证地方国有企业100指数
SZ399956,中证国有企业200指数
SZ399957,沪深300运输指数
SZ399958,中证创业成长指数
SZ399959,中证中航军工主题指数
SZ399960,中证龙头企业指数
SZ399961,中证上游资源产业指数
SZ399962,中证中游制造产业指数
SZ399963,中证下游消费与服务产业指数
SZ399964,中证新兴产业指数
SZ399965,中证800地产指数
SZ399966,中证800证券保险指数
SZ399967,中证军工指数
SZ399968,沪深300周期行业指数
SZ399969,沪深300非周期行业指数
SZ399972,沪深300深市指数
SZ399974,中证国有企业改革指数
SZ399977,中证内地低碳经济主题指数
SZ399978,中证医药100指数
SZ399979,中证大宗商品股票指数
SZ399980,中证超级大盘指数
SZ399982,中证500等权重指数
SZ399990,中证煤炭等权指数
SZ399991,中证一带一路主题指数
SZ399992,中证万得并购重组指数
SZ399993,中证万得生物科技指数
SZ399994,中证信息安全主题指数
SZ399995,中证基建工程指数
SZ399996,中证智能家居指数
SZ399997,中证白酒指数
SZ399998,中证煤炭指数
